iteration,chorale ID,grade,error,parallel_error,note,rhythm,undirected_interval,directed_interval
0,0,-81.9178019575785,0.1100217363576998,1.458684201724955,0.03678387137455669,0.07795789853067862,0.022635528743954216,0.01468307192424382
0,1,-99.13937673599582,0.19708667431079138,0.7038629008323474,0.039053093317521576,0.07946003353730657,0.023615554276137943,0.014506958015867683
0,2,-144.29151776965557,0.3336707215938886,0.7069500188184541,0.03713916688883208,0.07869699683075254,0.02350691880629522,0.014751265151867001
0,3,-76.38358287302499,0.18732005172872224,0.0,0.03473577856754832,0.0824513806259487,0.022229604995520118,0.013896783356998028
0,4,-98.15976424872221,0.25417772841942116,0.7195741262973551,0.03521030725181869,0.08021691672203357,0.021165422139331418,0.014069999098524109
0,5,-96.42569438266138,0.17404450068564067,0.6541582966339591,0.037527374032435494,0.08169791402502853,0.024861553070756166,0.015855477968195454
0,6,-111.43229679888226,0.24712434704605646,1.303881621765315,0.0374661159592403,0.08319293471143928,0.02228430127419999,0.014336518213735034
0,7,-111.13757902282903,0.1884331073854643,1.377646190518013,0.040670380842283575,0.0809677205237507,0.023697021016547224,0.015006733107708102
0,8,-132.0213913593597,0.31073452471653923,0.0,0.036904428650565035,0.08023752702247286,0.02428117320937751,0.01528127883815639
0,9,-143.7753370639423,0.28824750672711835,0.0,0.043661189940387896,0.08023752702247286,0.022055958276757822,0.014724173090297818
0,10,-82.99790735698005,0.12507832221193885,1.3955376994857795,0.03596164433524676,0.08172700539958144,0.023422609467400286,0.014810317062243651
0,11,-167.36386727642667,0.3451014887374972,0.6917794175562555,0.040874804049428164,0.07795789853067862,0.024059604387987297,0.015483958524955842
0,12,-83.65728011910531,0.15535613687135422,0.0,0.03789425924452644,0.07718561622529528,0.022315281227296927,0.01506460350189888
0,13,-76.621896162691,0.11208774006599377,0.6343353179480815,0.03661676288316657,0.07872392753804268,0.023148730724273398,0.014561590779933912
0,14,-116.7448547220644,0.28265989193360086,0.6801038155721836,0.03639238653905419,0.08391724230450291,0.023258439452373887,0.014011054942772837
0,15,-103.44204059615465,0.2138235099364495,0.6917794175562555,0.0383120442245234,0.08021691672203357,0.024463014861699724,0.014859786001052634
0,16,-90.09039808775451,0.23647112081951754,0.0,0.03384642405063291,0.08098524516778136,0.02296176679440692,0.014784901396728122
0,17,-96.98157983094939,0.2210803996431712,1.3737324229313141,0.03521030725181869,0.07948377889212155,0.02322995788102047,0.014629680159038667
0,18,-107.87665133000884,0.2321203657599744,0.7008026273504676,0.03783306962025316,0.08098524516778136,0.02388366180080897,0.015304416011449398
0,19,-72.08624964994003,0.11508364601735954,0.0,0.03630533342193954,0.07872392753804268,0.02259115158230224,0.014267943174179313
0,20,-118.22332315865982,0.2304426669267531,0.6801038155721836,0.039945708080266686,0.08172700539958144,0.024998370341081877,0.01558043785643072
0,21,-109.81249590363502,0.2644693306350967,0.6977688497428898,0.03594248830766102,0.0809677205237507,0.02291355197291567,0.014984746390053101
0,22,-112.9026429300287,0.2063290712272019,1.3602076311443672,0.041862261503078944,0.08172700539958144,0.022103468339312107,0.013305851466276752
0,23,-87.19811109699484,0.1575340073294503,1.4264124273505092,0.03663837227435376,0.07718561622529528,0.024259332435505602,0.01411478974937643
0,24,-77.83880108409565,0.12647354247996825,0.0,0.035655177893322156,0.08172700539958144,0.02366932795341467,0.0153455854168701
0,25,-92.19597407128737,0.19299973320414185,0.0,0.038042010652782045,0.08463586905369937,0.02288928981724314,0.014397800402810848
0,26,-95.0603923213636,0.20046418849441325,0.7069500188184541,0.03766192015504449,0.08098524516778136,0.023736124465532176,0.014342428667369072
0,27,-87.7373130692685,0.18463828983461114,1.3544924730303154,0.03443300449239389,0.08023752702247286,0.02371837254461062,0.015080730540617916
0,28,-108.09947429937462,0.24046458686994715,1.4264124273505092,0.033928734730161975,0.07948377889212155,0.025693276512237122,0.015784699468427553
0,29,-109.23254313709639,0.22634259872216078,0.6977688497428898,0.04009206144232864,0.07718561622529528,0.023473630845076338,0.01427668512628151
0,30,-76.52103461328136,0.1433831726771667,0.6829856114008793,0.034761069719924244,0.08391724230450291,0.023283077602079337,0.014713841426712716
0,31,-82.33907462467705,0.1673795876031469,0.6977688497428898,0.03763261612574046,0.08246287864541484,0.02188171410913425,0.013300334536792729
0,32,-82.07523908017647,0.12413863392432442,0.0,0.039467080167964866,0.08171251789505408,0.02097306648905113,0.014024302557697085
0,33,-100.10605010255073,0.15716111189152884,1.303881621765315,0.03963924163834207,0.0824513806259487,0.02296596113586988,0.015080633967086261
0,34,-79.33402767288636,0.14601304365984644,0.0,0.03615406632705567,0.07869699683075254,0.02379988335316125,0.015054614852728746
0,35,-114.68826065268591,0.28524833508471786,0.7038629008323474,0.03612443800820821,0.07872392753804268,0.02220047989463468,0.014288331327824533
0,36,-96.02203703285097,0.16036879723866865,0.0,0.0403429236227557,0.07872392753804268,0.02421859810361515,0.01473072344411712
0,37,-133.81490221366465,0.34364323892496684,0.7069500188184541,0.03289416598611678,0.07948377889212155,0.022024075604989927,0.014538136422114229
0,38,-89.19684932591231,0.1589638089735843,0.0,0.03871984231256824,0.08172700539958144,0.023432006988230742,0.014697896163016588
0,39,-103.52736682224067,0.2279977819020018,1.3263623393819586,0.03626811077717137,0.08172700539958144,0.023512777214196322,0.01467097284550167
0,40,-117.65629120983023,0.253165532393772,0.0,0.03906692478896479,0.08023752702247286,0.02506752521938722,0.015222146516442357
0,41,-107.620508267804,0.2277211736334543,0.0,0.03973105749543689,0.07946003353730657,0.0232602325255146,0.014866806230932719
0,42,-87.53116034768532,0.19440268255088056,0.0,0.03740011010865663,0.08172700539958144,0.022617872535817173,0.014050669831633878
0,43,-85.99667865830868,0.24282642907641738,0.0,0.03251904473113974,0.08023752702247286,0.023474059132890118,0.013898816379948952
0,44,-115.42596364296905,0.26265326472986283,0.6888230952590065,0.038503000135849445,0.08246287864541484,0.02190790526851362,0.01443648861133415
0,45,-113.03145136503157,0.22156968175257222,1.332104167690971,0.03805932065602539,0.08023752702247286,0.025372512111802394,0.01534813203338504
0,46,-100.16341822294616,0.1934887272924301,0.0,0.03963118580586779,0.08172700539958144,0.023471560886128316,0.015025920823137901
0,47,-76.8804578817551,0.17020265157483394,0.0,0.035042245009472936,0.08172700539958144,0.023080214523714417,0.014411588295346056
0,48,-89.57541080852383,0.21688795215239742,0.6917794175562555,0.03518099950089549,0.08391724230450291,0.02293451975645655,0.014001578727974317
0,49,-94.49771428085563,0.18702308952483143,0.7100643360819716,0.03823162276769789,0.07948377889212155,0.023905691598167182,0.014546430996615116
1,0,-12.878680608827047,0.133405493617245,0.0,0.007802839249169408,0.012815635627098518,0.020949259090963034,0.01090172093222861
1,1,-14.286421280230115,0.13944934123772282,0.0,0.012980766728431044,0.0063268653370498525,0.018581645378811504,0.012579664597375249
1,2,-13.358059420194706,0.07681545913190546,2.0933065492286693,0.008634798464349384,0.00637829334626176,0.020304613462523304,0.009112503026735322
1,3,-246.7878460881911,0.10562125630637002,9.594321683964735,0.015441617554801515,0.023390046645860578,0.012917355356939195,0.00551174922407009
1,4,-13.123897860654417,0.07278823627811137,2.123644325304447,0.024107930528437096,0.022744246812774194,0.009219172804793545,0.00806655942578579
1,5,6.231352605392715,0.1063444714888649,0.4440347225636579,0.010433560991082667,0.018819079241790167,0.014397502048960138,0.009876120643841697
1,6,-25.539384481114112,0.0942182300373362,1.953752779280091,0.017373012865113353,0.010419774755009497,0.021372313885019957,0.012362089784307643
1,7,-40.84732245173784,0.07047122690704749,3.856091011737022,0.012144228189957538,0.017459530992705738,0.020511806248268843,0.010022119840342002
1,8,-152.85772462730597,0.09067418054380397,7.505269822844253,0.0098029184325885,0.006084629187669678,0.01886734084716622,0.010181705131604256
1,9,-188.30803560034315,0.046531391930328805,8.79188750676041,0.010198868709903424,0.02041381659635281,0.007024553181800157,0.004538365668064911
1,10,-46.93982267878539,0.09175204042600046,4.334029052628371,0.01745762221177822,0.01005856075104386,0.015075150968752622,0.008603467356393741
1,11,-45.75114932062516,0.06064924973284613,4.4773501191835425,0.012441900712025316,0.019169314913062164,0.017166208495284923,0.009230309614078164
1,12,-12.372004284015702,0.046791567455100554,1.953752779280091,0.022151408789306663,0.0030971407803351693,0.009860667569701945,0.00931143720830368
1,13,-43.37635352892147,0.04377498689515978,4.186613098457339,0.012239680576179279,0.014522659163450573,0.018863731300086402,0.009814299738683693
1,14,-93.51811254607263,0.1322771182003782,5.899318456917159,0.009580560318612054,0.009800108986354944,0.015104260997129849,0.010009697460365426
1,15,-4.832309581084694,0.07646317930916803,2.336008757834892,0.01197335028033632,0.010416949701914497,0.014702983947438845,0.009301437630146646
1,16,-8.904320486374452,0.07174840433128123,0.0,0.017230279697223634,0.017310281823226095,0.019383267166703057,0.01192578647242318
1,17,-19.994639808336537,0.06348920916085195,2.336008757834892,0.007164109408841285,0.012071112072065968,0.018825969920697717,0.012707184784479708
1,18,-71.99788194238138,0.07195828951793135,4.959526285864848,0.015683137061995603,0.02735027108655893,0.02104534568289538,0.010846281544519432
1,19,3.9388818371353125,0.07073786342520683,0.0,0.020143663653556437,0.01664406238780964,0.015075150968752622,0.006723712527113495
1,20,-49.490058063997836,0.07459494010230447,4.959526285864848,0.01316602188080215,0.01234568658877566,0.011248562790306353,0.006361635907617771
1,21,-4.393262669298835,0.06760458310340801,0.18786084416154758,0.0070738973496835425,0.008172827611177769,0.01884200402111675,0.011071940190092963
1,22,-4.480376006165237,0.03865712986782225,2.208008277953528,0.007492285037714582,0.005252565324574809,0.015637355256673216,0.009412397952894832
1,23,3.710879596374692,0.14076696700264985,0.0,0.014459058544303799,0.02088431484657899,0.01458217523350035,0.008222350168008546
1,24,-14.083809293630281,0.1320485446671493,0.19801548438649613,0.022702368081130464,0.01059783705681028,0.018257129065508124,0.008757719062063032
1,25,-57.20987433552898,0.14162166974528867,4.1583251721164105,0.011701115361924095,0.01478783422618438,0.019871474472227216,0.011262141540721757
1,26,-21.086136972927257,0.0662046643034528,2.3026372041515364,0.009693849218979617,0.012866429187523808,0.020985018971190265,0.011814261928768928
1,27,-28.095639554417616,0.06871724546673032,3.7096571758482746,0.006602501640250219,0.02434375357487315,0.017214652573750263,0.008873222182975137
1,28,8.497178637048659,0.06115592488942083,1.953752779280091,0.00742335000160272,0.016809960065774003,0.0090764854276061,0.007886253310403967
1,29,-184.94207322998665,0.030626217221527034,8.547668409350397,0.009687262931264758,0.009127031614964922,0.015042856826044533,0.009013232711811271
1,30,2.236308103428371,0.03369402762935898,2.2386750595917713,0.013627946330309539,0.017045731558675826,0.013082974807061117,0.0069751892335504035
1,31,-47.83434235081785,0.05450745563150978,3.8839663684483745,0.01320859454743679,0.006398137659470836,0.022012441985576274,0.010281977604538951
1,32,-15.0949239480858,0.028569836147146456,1.6464208814158072,0.02332285893954799,0.004225690402852669,0.016447368641612795,0.00803795259317432
1,33,8.448521303581334,0.03281368671579331,2.0638233583944627,0.009461144692948538,0.026450033900175737,0.011673790424534933,0.006033581402199764
1,34,-11.355779303787116,0.06552258252229447,1.9801548438649574,0.009356103245221544,0.007301888828874353,0.01863334061316598,0.011127137076732326
1,35,-18.801436415280293,0.08139694260500656,0.0,0.023424336370135922,0.015448599324059568,0.020242560045338483,0.011485733004529868
1,36,-9.942585511623648,0.07236822547238493,0.0,0.01598594798868433,0.008524829679041066,0.02068427351094007,0.010910923621340076
1,37,-10.724141581478044,0.028660299234817367,1.9419831842241873,0.006151360418112492,0.017861438707614093,0.019369271349096717,0.010077858765488695
1,38,-9.68204423640615,0.0768461937855765,2.483584041457743,0.01928246496534313,0.024363550252097854,0.014899148242071333,0.006341937862267604
1,39,-93.58568153189782,0.113590145950236,6.138480015981369,0.005290107156873192,0.013568556789267619,0.014722720939218005,0.008337489463997977
1,40,-16.537975217429256,0.03462032594777219,0.0,0.026166560304458176,0.02828153891219829,0.016143225644304773,0.011207918236773189
1,41,-201.204844522764,0.1619416847430531,8.316650344232821,0.007847444400838956,0.004830905938848013,0.017683437656571942,0.010008916000145529
1,42,-43.760068851731006,0.11915816662301885,4.2738342046751985,0.01501696877904927,0.009391856254515323,0.011654560087585109,0.008650508098556825
1,43,-38.75574373324186,0.04567440351540022,3.945077727392492,0.011554134273265921,0.012834832273182425,0.018447455270585122,0.010592919521238173
1,44,3.3623890897141635,0.03816391114572478,2.548373190365338,0.012216153378739039,0.013979387903878057,0.009922200022751149,0.005586731853499746
1,45,-11.470246413706363,0.04956855203061284,1.953752779280091,0.021261499503157352,0.015149387689975655,0.014156443932044141,0.010120577852059177
1,46,-19.367911079341205,0.10835843625031469,2.1491280572081006,0.020641287623809984,0.007613387051737213,0.01540206465630668,0.010433410261164528
1,47,-8.632302353123293,0.1058331639736049,2.370361827803052,0.007262081195590072,0.01715956769772943,0.01622379176773717,0.009264724214396844
1,48,-113.72221840582425,0.06025983176483293,6.624024833860583,0.009178052463464521,0.005197846136854478,0.016071055185136237,0.011327858765488695
1,49,-88.81406986059814,0.05937672457002027,5.12860104561024,0.01773251184008078,0.01594710866526905,0.022070505439823404,0.01353284584596222
2,0,-125.67019004733795,0.04031386400501463,6.907911612454608,0.015441732034673663,0.020358667221326288,0.018384168666479364,0.009246911450279621
2,1,-19.966483807754436,0.06432832996042041,4.01456050537005,0.008769654865506332,0.01488611432446448,0.005930411796514115,0.004655115247951539
2,2,-195.86511413731387,0.042248502522548005,8.79188750676041,0.008407178882233274,0.017816413998950204,0.016080021201041572,0.007844386906100101
2,3,-16.084490554935037,0.07144820180269845,2.123644325304447,0.01165528910946008,0.01358002316183823,0.02116789029540498,0.010040301083677705
2,4,14.79396220732604,0.03617910872244903,1.8786084416154725,0.00795610894538676,0.017496836935187086,0.006484520535793488,0.003177768239728522
2,5,2.87028213410359,0.03795627348054464,1.953752779280091,0.012353832099240313,0.024742820925357133,0.014934303332039149,0.007837693194324818
2,6,-125.47274013618853,0.07537751934348176,6.907911612454608,0.01415718200925913,0.006977693945662362,0.016646663186497157,0.009587816039242325
2,7,3.851751761802195,0.12952256626723746,0.20351591450834317,0.008917958190424293,0.02979332597586218,0.016625052952965094,0.007997788028119738
2,8,4.997823678469977,0.053989312229298314,2.1491280572081006,0.012951125108183479,0.0320155481980844,0.008739448147286598,0.0076949733273385815
2,9,3.347924968047,0.10448541539598599,2.1870366932239826,0.010961189897033817,0.0392159100253119,0.007118004612607522,0.0061504510921312865
2,10,13.723937125984538,0.029344121037144295,1.7821393594784602,0.010901384226394115,0.012568853507861855,0.008012780687059306,0.0046455581477700516
2,11,-0.47756663552727474,0.07970640469423841,1.928045505868511,0.009115248935879464,0.02554026909122635,0.006516036734928159,0.010231799553000905
2,12,3.61760248233254,0.03447543241289626,2.123644325304447,0.009423460449792415,0.017431791636725154,0.012408266426021641,0.008588679255235742
2,13,-442.95284434759,0.07294643479256983,12.821502614025599,0.00779939443963629,0.02474282092535713,0.015923525169404228,0.009224283287225623
2,14,4.513888571498459,0.0360727379322604,2.208008277953528,0.014162526958340556,0.013119740809126333,0.010815397677812297,0.006421925144999519
2,15,7.907044869063128,0.08183995144673213,0.0,0.01295851981828651,0.024433180219114642,0.01434592678551062,0.009798622884449347
2,16,-354.7888228437239,0.08225246048290447,11.544902786655083,0.01157617865354186,0.01889492072586732,0.00900027174094554,0.007894732792263624
2,17,-40.09114825382886,0.07145468765979744,4.4773501191835425,0.006424061875607699,0.01716706334959956,0.01431232088772704,0.008769149256206636
2,18,0.3937231609714402,0.07839019858306011,2.405740362546381,0.010388933063311198,0.009820126963676446,0.013522682233452512,0.005948083242609439
2,19,-5.040246622180156,0.11133693050965947,0.26642083353819473,0.008934704042002297,0.022940794518240767,0.019822531782275277,0.010532562762219583
2,20,4.898941586127577,0.06098659853390507,2.0933065492286693,0.013890766532246484,0.010283479069629297,0.011416719619631761,0.006509282914318717
2,21,-45.6928680002507,0.03515898535237459,4.672017515669784,0.007735777767267475,0.030012913151971094,0.013502835450616008,0.009873696499009734
2,22,3.3102468104823544,0.04528285731145384,2.0288971169447088,0.014847458465189875,0.018965705933674346,0.013126967791416547,0.007388244097491062
2,23,-4.009448345116084,0.03328245366887606,2.5119678590744043,0.011683519580696201,0.04898524516778138,0.012011650878692189,0.00802282394480561
2,24,-17.39030041748186,0.14144796880647212,2.7319424456035173,0.013254360751767202,0.031312485261957596,0.01470622845075225,0.00916099993428232
2,25,16.864009518158912,0.03617910872244903,0.18786084416154758,0.01102380898044466,0.015418811601347816,0.004779616095528957,0.006965139042168038
2,26,-218.0254645042461,0.07311142433548576,8.832033111814113,0.019578616292135573,0.035535681033285735,0.017941063384664405,0.009166306446842085
2,27,-1170.278955915101,0.09334030442041415,20.51440418244096,0.010484742122639999,0.0320155481980844,0.01220377041323632,0.006924491634588685
2,28,-104.0608813377129,0.04032035240060958,6.624024833860583,0.01398740757475363,0.010134858839830369,0.013092827766320689,0.007354765575832461
2,29,-28.785162658737534,0.0724132973390312,4.1028808364881915,0.0045683879860243,0.010197366379902591,0.013765001347365535,0.0058172716466297885
2,30,-58.978288065049156,0.09795497321533975,5.116971564781191,0.012289175775448491,0.029180097850567355,0.01467421706551866,0.006800266252825082
2,31,-44.13947300031778,0.04341493046693884,4.959526285864848,0.011586635549276188,0.02813846603886095,0.0071157224205728575,0.005320334958942101
2,32,19.10602897070763,0.06385810469505653,0.20638233583944662,0.00983851711093564,0.031571672824631566,0.009599120407499467,0.006212282081133784
2,33,-133.1718570394413,0.08336735404865124,7.210278114009861,0.007255543497009022,0.028911315879284284,0.018008204870619486,0.006913186782748143
2,34,-29.227566994002423,0.06115592488942083,4.1028808364881915,0.015240679390822786,0.010210131149139486,0.009737941524308819,0.006545155303598138
2,35,-307.49611484174727,0.06460132910854313,10.731881463651204,0.01477720298132675,0.036693311749087396,0.014555578285603249,0.006820439855895874
2,36,8.817551020347196,0.05361454888851139,2.1781703282514537,0.006567240821715706,0.02146681764935386,0.00983656528827671,0.0061556506611627985
2,37,-244.04064157335796,0.056624525946867926,9.768763896400456,0.009120391260500887,0.010801299524423703,0.003692224694366345,0.006509479859809044
2,38,-161.3170603366745,0.14463860460460795,7.7022946106234365,0.010609917496997988,0.012834832273182425,0.0151325091377809,0.007123380054469731
2,39,-40.4298561117355,0.05121594766705059,3.7484791695490127,0.008189028126586412,0.01765719207579671,0.020677883364961215,0.011172995410052788
2,40,-36.956350938767756,0.09047770653119488,4.4773501191835425,0.011168317620428973,0.03736908355161976,0.010850831949918257,0.005744759643913644
2,41,-176.01893947008358,0.060010348384914855,8.430577061277106,0.012047761771087047,0.015915737708521144,0.006745629831131218,0.00650588578496354
2,42,-173.5866514486924,0.06126926261282452,8.316650344232821,0.011873136840080775,0.021466817649353858,0.013112558556159573,0.008141892112441216
2,43,9.686336930647741,0.05023886826591068,0.0,0.008334523411407238,0.039215910025311905,0.014733335986479145,0.008158842269875465
2,44,4.124103939816045,0.04597312056138542,2.506459157629066,0.005543138004160321,0.012698169426651452,0.009454127610416118,0.006703730555200573
2,45,2.7454124283614973,0.055974388066037196,1.9899333863037967,0.007176801484948104,0.016149870801033576,0.009545396593715116,0.009873375414551851
2,46,-70.26960095996077,0.13802228199549058,4.8080634802596,0.013966750108183481,0.02988437098792518,0.018137295723753884,0.011383628115989782
2,47,12.54696327710261,0.0661403955931083,1.8574410225550146,0.010763663624210884,0.025876062505669026,0.009350196212610832,0.004626137548587885
2,48,-141.49934344196095,0.15713614728995295,6.8247528591290845,0.013222260570365697,0.013119740809126333,0.018886989251070303,0.010954807941837362
2,49,15.42724191466084,0.1073577219128782,0.21548743889118693,0.01134017411176414,0.015839420454447688,0.009325997763604687,0.006726877592238847
3,0,-0.9279579123548913,0.04489510283934991,2.4421909741001158,0.011412114869022506,0.009591305773841988,0.012701922780999207,0.008308419350253152
3,1,12.22689468175643,0.06909892457901996,0.2254330129938571,0.013621668086660174,0.016348485018954525,0.013109594708851433,0.008151020603974657
3,2,-7.352673757156552,0.0630108712253553,2.7319424456035173,0.015225501920859258,0.020473173889406105,0.012219861775988671,0.008701721579718324
3,3,-1.9976751223284914,0.045498387331974775,2.479763142932424,0.01686762110516066,0.013323744982367181,0.009125743608428633,0.006993076549727678
3,4,-4.0759789843944105,0.0869623719835313,0.0,0.021562236219294595,0.03379118078547653,0.012909031646706945,0.011121380338055946
3,5,4.3669157597039145,0.09439398497225196,0.0,0.009642196789892596,0.013889016741144861,0.017942065804258008,0.006274552146187429
3,6,-41.14029819148763,0.08116860572819379,4.73409327287099,0.011413911840635567,0.015887847546469738,0.009367569295175947,0.00601409416420923
3,7,0.7496100510909756,0.06427299074916466,2.3258961658096324,0.006662581468505122,0.021392950920312532,0.013373758755002314,0.008273885520026274
3,8,-54.753315674309675,0.07270667793946914,5.21552648706126,0.012727908566827645,0.026636502086632617,0.010706988375053737,0.0055529337263775964
3,9,-11.46620701814448,0.0566035716393173,3.0997039286655297,0.01598015685856865,0.02908867536993908,0.013386999195378255,0.005766816000193945
3,10,-11.691760960302304,0.06385360450065722,2.5707273411580145,0.010813356401609674,0.034433045339553554,0.01671503339204927,0.010414043779646089
3,11,10.907022606341688,0.07965009876543246,0.0,0.010415842563291141,0.02604295903988752,0.010423077146779071,0.009835797752502614
3,12,-34.5947232377286,0.08971463134380701,4.459653083139339,0.007579332490598056,0.007356515662504169,0.010561478904420146,0.005218822764439016
3,13,-72.2765903916803,0.061258242673292024,4.811480725092762,0.0238698414600715,0.047357022644036455,0.0161938651393302,0.009975483606630631
3,14,-188.86416591324308,0.10053727089176004,8.547668409350397,0.00681397948242838,0.017374152601976448,0.012675416125822282,0.009222047806931274
3,15,-72.15167978150323,0.07717487226022463,5.655600150547633,0.011558592015045527,0.018851245416451765,0.014207558554082756,0.007542265360511895
3,16,-6.319058034508849,0.05671638813443373,2.289554038218857,0.013064282022309838,0.01840268082315033,0.016971312165423254,0.009066832584645445
3,17,14.102537125546888,0.09393455843518611,0.0,0.008948210062571207,0.01906513482732608,0.013551876884879738,0.005842942856738805
3,18,-1.821842267295814,0.10768217049068823,0.0,0.011181274824011886,0.020689637772407704,0.018075075713798683,0.010925053565663636
3,19,2.663632773940723,0.04994246510597978,2.5707273411580145,0.009380460985970136,0.020899311710466013,0.011779739458480609,0.006160069755011218
3,20,-34.71427794493295,0.062249543191030245,3.0412189488793873,0.02302991868432052,0.021817561308566148,0.0179936890927754,0.010673860731134941
3,21,4.6734554166776405,0.05808814691087442,2.289554038218857,0.008012338926819887,0.0352244471924156,0.011679862666258731,0.006590459918245816
3,22,-26.84056601674206,0.062249543191030245,3.0412189488793873,0.00962638262777645,0.022515634626209435,0.02021509866550482,0.011254873634009621
3,23,-44.01660859829613,0.07166709947979004,4.579108076437714,0.011517874802215191,0.01159341883069395,0.014164012983886004,0.00886124874859018
3,24,-131.3772005194146,0.15291167094194533,6.858919331515214,0.01325171378433881,0.02985809205992564,0.016107194162218168,0.007192571646306815
3,25,-244.44422502056966,0.04275712849016704,9.768763896400456,0.01183450709199819,0.024966452379791566,0.013865795555796383,0.006533550018593624
3,26,-3.2808888437825097,0.053428637679619286,2.3258961658096324,0.008948683475236082,0.026576173570469312,0.014953686933512303,0.009548506715650992
3,27,-152.4963598920201,0.05518039629206582,7.927111686423321,0.012067778427623086,0.030022057155038983,0.009799432510903736,0.006536839578641204
3,28,-78.24969368825093,0.05823261937775486,5.12860104561024,0.016331874670358654,0.03295171991968833,0.02115348564294321,0.011356665932311273
3,29,-0.9424936707069698,0.03604249752257336,2.442190974100114,0.006642647799194476,0.01193997496203409,0.012237737682029133,0.008887088849866836
3,30,20.665958108328894,0.052810628153185,0.0,0.011378807357594937,0.030738263735192197,0.008276314606388991,0.004392170669616971
3,31,-7.652784755016711,0.13104841047733037,2.0933065492286693,0.010044578462214775,0.012546641111801274,0.016584483236583333,0.007479221491614918
3,32,-45.51114316000361,0.040512459523923225,4.959526285864848,0.007998191988855256,0.021290417192510028,0.012626186634019198,0.0061163910383083995
3,33,-41.84684837866632,0.06069446803233925,4.540411388467818,0.012488430633245675,0.017067947238704112,0.013428228265196492,0.008907668683431473
3,34,-31.969525569104697,0.07539808877599576,4.2738342046751985,0.008994087305403296,0.016644062387809643,0.010447277742375229,0.008397256017097964
3,35,-130.44156311390725,0.07158599968467085,7.446680675124938,0.007024043926039546,0.027586593243086245,0.006471345913224904,0.006137307427961985
3,36,-10.551210578141827,0.1337031367848175,0.21870366932239868,0.017175876555294498,0.009130884992908789,0.017508706516855366,0.011474285083742234
3,37,-23.52638151165121,0.09252909047651048,2.9904379274695274,0.015667256321041073,0.02524375824068671,0.01649127758582343,0.011254568132134522
3,38,-82.35937089668029,0.08249411535439767,5.917616591088739,0.016325831467311418,0.037477356147825644,0.009994804273168505,0.005365510842429529
3,39,-3.02484746504431,0.05317318618210771,2.1870366932239826,0.011866052832627844,0.03192270593526708,0.0158802997445035,0.009208564713743546
3,40,-96.07749999294784,0.0876151086419757,6.447384171624301,0.007396264063852295,0.03225834474627805,0.00861232455370155,0.007524804590899417
3,41,-7.069514695610671,0.05253544250198413,2.3634106200968845,0.015040120948354213,0.02233720236805914,0.016019973342146426,0.009254193318463853
3,42,18.74674812651085,0.049086667733730015,0.240215505649192,0.010113874442529938,0.021988746396920826,0.011147141405782438,0.00579411022536069
3,43,-243.7664194293714,0.08616924431542372,9.768763896400456,0.007489225536032919,0.013608551508946423,0.007618594481009098,0.006450765592076692
3,44,-257.51746080281976,0.044315611362217906,9.86844516064944,0.017499045728494304,0.022104040815255008,0.010794346579397408,0.0078028090574891375
3,45,0.018797169769982247,0.08649889614110468,2.1781703282514537,0.009077016241166642,0.018204290692224,0.01538658736641274,0.007097178524482702
3,46,-69.3932698807783,0.14681904997887835,5.372820143020252,0.007272094211497888,0.015860188841759708,0.009230996918074764,0.006264178660659807
3,47,-0.7085020020391823,0.07833241606030614,2.3634106200968845,0.011831162425667483,0.012000856131700158,0.013745258790309543,0.007390814793265436
3,48,-15.414084581665875,0.14316448569882265,2.7135455267779043,0.015152810277341482,0.022177309145277557,0.012909031646706948,0.007848556337031989
3,49,-328.92623147201164,0.10397014239916481,10.989859383450513,0.012989530243292626,0.03423060290107241,0.01587723375520704,0.007491458915648686
4,0,-2.433531617606718,0.16850743182511416,0.22895540382188612,0.01689578024329262,0.01455593672574805,0.012326386688801313,0.007845175605098313
4,1,-133.75776547147166,0.07123730683638223,7.326572922300342,0.01554145354330468,0.008058974162528359,0.010876512210293305,0.006648095835804829
4,2,2.013169072135671,0.14229254794445453,0.0,0.017759913917452276,0.014999310714687996,0.012683529545944167,0.0077314288579373655
4,3,-5.380865065137719,0.07103856872276093,3.084872809389619,0.011358105452109937,0.028976214731162655,0.010322013510958745,0.005970323828141632
4,4,-68.487813635242,0.06738546091587833,5.372820143020252,0.01213778568452095,0.01760856275994496,0.012766991217397373,0.010644713029017198
4,5,-9.238569091292604,0.08038652361727212,2.5185094420407426,0.01810871237619002,0.02386081082877924,0.011912493641118292,0.009054435569405932
4,6,-82.01679817206875,0.1252993467447675,5.116971564781191,0.014688578495795537,0.033509313237264096,0.019060697511103664,0.012553563245289145
4,7,-146.89070230920157,0.07826613478517816,7.570792019710354,0.017776549027150045,0.0339813908484378,0.010627217949391032,0.005119299762329084
4,8,-13.250216700408863,0.038095876434187326,0.25707273411580195,0.022997002916947146,0.03939820053766614,0.0059488356683931425,0.011515371000162068
4,9,-70.78631600783886,0.10249019660036204,5.398527416431831,0.016004881120485606,0.050176600302463445,0.009941579754406866,0.005813609813272613
4,10,-32.10682564470026,0.03598821350846302,2.402155056491915,0.026698657973102707,0.01373110336903056,0.013121319487124958,0.011119316993800421
4,11,-152.68273565934317,0.07123730683638223,7.799255046319719,0.01400194833988363,0.03293562098357637,0.013250125937203781,0.006693229394430343
4,12,2.180325302186315,0.05950571869842228,2.6423705621411075,0.009899576567103708,0.0299071496488756,0.01004835670579237,0.006307029583769354
4,13,-13.414412022646665,0.10850078515812082,2.779044901562199,0.010780317901920277,0.03274624870606169,0.0152944637448699,0.009470559292719975
4,14,-1374.5309244486823,0.14737442465675646,21.979718766901026,0.013697015853172697,0.017791712943095134,0.01705213709718785,0.006939378503649038
4,15,-28.929202474391474,0.11131287387605587,2.686410071510126,0.014706942975286085,0.026891113859082272,0.021382727599224667,0.011276579359609608
4,16,-0.2960014202098975,0.09918691544374605,0.24421909741001185,0.012313283328525179,0.03456153608632766,0.01875662956500862,0.009935476608442795
4,17,-71.63474152565153,0.06156785191460598,5.655600150547633,0.015019314863271262,0.020173237743270775,0.011779739458480605,0.007321795267268234
4,18,-70.99394697637253,0.040102054443181226,5.7565930103788405,0.012989530243292623,0.00840750955933053,0.010647204415341938,0.006585661814199411
4,19,6.060295305923951,0.1169250361326211,0.2254330129938571,0.017147173914651558,0.0073624034133029275,0.012666612864103845,0.004132609069254234
4,20,-9.003110608487205,0.04620929963403688,2.289554038218857,0.019850729336955475,0.009056624087887806,0.014220247222458574,0.007354164414151467
4,21,-171.25553811454017,0.08937555054348854,7.699110528519005,0.014955041716853482,0.02679122570856977,0.02149812288971297,0.011566463834211747
4,22,-21.8680209638281,0.04950959161864993,3.28948172021648,0.01111235676114854,0.034624361177360605,0.01836866275979683,0.0079995889969495
4,23,-136.53150621157891,0.07037866304495193,7.326572922300342,0.01797629424665523,0.02025086984534394,0.010630303552076188,0.006776035073737546
4,24,-81.11044086566244,0.08179098192325367,5.6984456062336,0.0170217577901009,0.03901232598029439,0.012157418322757038,0.008872286284380726
4,25,-78.18690387017898,0.051633526844215884,6.033648288953223,0.009568555542928079,0.027730574724870463,0.008772947387335748,0.007373575132630053
4,26,-100.58290611719106,0.0427755247393933,6.489250302608875,0.015722837360735237,0.030803426985963188,0.013154979415356049,0.006968597764986111
4,27,0.3521510705289792,0.1412973450188045,0.22201736128182895,0.013119822647782069,0.011166703707291678,0.01509732264939244,0.009341193731301526
4,28,-2.675214440203561,0.10345934027536713,0.2873165851882492,0.016334055499303286,0.053263320034091524,0.01691370963317899,0.010259641677696597
4,29,6.977143730100476,0.06396334001024047,2.270205694233909,0.010917304480793793,0.015163053467474107,0.010532862720770617,0.005152811731825073
4,30,-54.558647870730795,0.09795497321533975,5.116971564781191,0.009312603699684188,0.02781529328260351,0.009956836133161359,0.0074652671947477945
4,31,-294.066657780126,0.11978080890452387,10.25720209122048,0.018919086771163895,0.030760877755173496,0.01326212407050313,0.0061727644815459635
4,32,-33.937699352488586,0.0367571210502098,4.440347225636571,0.008894175430621244,0.035762104671913604,0.011156532710387138,0.007365717478349444
4,33,8.890297258241336,0.04316901424680344,0.0,0.013216907678701767,0.007838956465583033,0.014944059432201439,0.007757080127725954
4,34,-68.82649210282419,0.03948765689527669,5.463884891207035,0.01535838680707565,0.01073042796107477,0.013305668226662614,0.008400487613772054
4,35,-18.323348328777506,0.06263841221390416,2.817912662423209,0.010909144766667125,0.0405905098752839,0.01824261328766404,0.010258764276540494
4,36,-174.27591265293557,0.05039233000626829,8.111562878261093,0.01659714876430426,0.047017374902412194,0.015564041859092615,0.007845175605098315
4,37,11.012814462539783,0.04551565290888748,0.23634106200968888,0.011748182982855052,0.04466582626216874,0.009680821183653487,0.00900140644392975
4,38,-0.8926264412236975,0.11550345514620627,0.0,0.019970913222016027,0.04223605260827634,0.01599170261967591,0.008600363982018496
4,39,-252.301946651977,0.05745718395743317,10.025836630516258,0.0076405372986268925,0.018258378804324613,0.008353296965020372,0.004532535131925792
4,40,-228.12503116571162,0.04341493046693884,9.46818654574198,0.010665365382766096,0.043570821455858756,0.008368855252653056,0.00654031725397442
4,41,3.2769607099559543,0.036853895363757494,2.3634106200968845,0.013109297885342574,0.02239453516895519,0.010672947535362158,0.0071960235027818615
4,42,-183.07934973709672,0.09497889135790812,8.411991133011504,0.011378074992965845,0.027888829300267065,0.014619524582730237,0.007808849954888044
4,43,-14.700175910191675,0.06942693767990235,2.1870366932239826,0.01767530567663653,0.0392159100253119,0.019364093112162438,0.009408750903172761
4,44,-141.22446579044708,0.05253544250198413,7.326572922300342,0.01752582056587327,0.02562721393136544,0.01639076143581219,0.008688715967361751
4,45,8.186854176942166,0.09344081667442852,0.0,0.01464808124102287,0.033587299054609276,0.01595840258637587,0.00711267103686081
4,46,-9.79963549223578,0.05280485502763533,2.479763142932424,0.016680829147773083,0.02923609470340493,0.015615860373011832,0.009412741933552174
4,47,-6.942946948832258,0.038148813632210024,0.0,0.0212661443038162,0.015246821905444108,0.017906454534427824,0.00956706467179741
4,48,-137.3227929869783,0.04829494728641179,7.326572922300342,0.012599885534899448,0.02562721393136544,0.01721837990545775,0.009254193318463857
4,49,-1.7198205086275422,0.08753572175108379,2.4421909741001144,0.010419872103086838,0.030334499004968506,0.013908342565157595,0.0076619496811973255
5,0,-121.21572476808133,0.06495166211552499,6.680110605626783,0.018015731150619683,0.015167810046884984,0.01827231824158742,0.008445967104014998
5,1,-71.96506283931267,0.11954731804895949,4.662364586918399,0.02042008701302864,0.027993042233737914,0.019014406265386086,0.011187304042850016
5,2,-12.457988506654992,0.10077618434916127,2.6423705621411075,0.013171584909646103,0.027586593243086238,0.016669313318655316,0.009061672359538933
5,3,-13.687956605026983,0.11812606936291542,2.548373190365338,0.015364057441420652,0.022107774812050146,0.015313089358636834,0.009372251910276179
5,4,-81.18066925056972,0.1005355020216421,5.106399309482058,0.020484742122639996,0.04402656748183095,0.019014406265386086,0.01050456573996587
5,5,1.2899321674975681,0.06844930362654351,0.22895540382188612,0.010881079310510626,0.01876851140851251,0.018752817369296695,0.009637646264118132
5,6,0.9782314853859297,0.07032285243325703,2.402155056491915,0.014835228635998133,0.027586593243086245,0.009641794753180086,0.007227329936887293
5,7,-338.0493846153588,0.16296078729542018,10.92776978241407,0.008570380782851115,0.01763608630655581,0.016693482430805144,0.008118562029230674
5,8,-116.19094115713038,0.11418022687584961,6.222568783323578,0.011965348024770558,0.020591720883846136,0.0210847914488725,0.012245216436840135
5,9,-2.3542828508174196,0.10033338938382158,2.336008757834892,0.014920391941254106,0.01425158350392531,0.011490177607079176,0.007386724271674904
5,10,-242.0682244499671,0.10787277527074077,9.622961450185525,0.007925740563458312,0.022933684787862785,0.012522935161913338,0.007318338644563306
5,11,-7.59483885923467,0.040898122903638034,2.123644325304447,0.022296336325538547,0.05109328205842696,0.00821408293937524,0.005322690563029035
5,12,-364.7699296500514,0.045498387331974775,11.722516675680549,0.014775829036815671,0.03208262858328677,0.01185646187677123,0.006033581402199767
5,13,-331.65575672663033,0.053770821392333815,11.189675008604159,0.014424136062033936,0.02763024557272433,0.006250741717064267,0.0065039606969014676
5,14,3.7270568159620368,0.08270848661136745,0.0,0.019290103111651555,0.030003069663928274,0.007984800906573535,0.009591820671777017
5,15,-18.59822535175835,0.05030856702876572,2.405740362546381,0.012199974739247315,0.005772591693360821,0.019687901682721415,0.010940414976614186
5,16,-1.0431786696856022,0.06570906425143498,0.0,0.013238365311045795,0.022107774812050146,0.017405521656523665,0.011550531683821866
5,17,-148.06791582502836,0.04540189429405189,7.8318538134934705,0.008663486376342552,0.022810988033181673,0.012116887560488582,0.008163076399223562
5,18,-41.37218887053318,0.0648198494551844,4.592777055770364,0.013471220323997857,0.02351010657792895,0.013979797573157093,0.005152386305899296
5,19,-127.57411359865985,0.07310778296070983,6.988423402809558,0.01891310739938012,0.03483050029781053,0.013983664030118761,0.007227996363658191
5,20,-8.285344508586554,0.09757286879711236,2.270205694233909,0.01308686475095233,0.02645003390017574,0.016614156233474196,0.009700159361335167
5,21,-5.847554847023481,0.06043579727160258,2.405740362546381,0.017650540951256146,0.02433487018707866,0.014112100974515594,0.007950979747384393
5,22,-89.75383992861023,0.058410072427983795,6.056633615768284,0.019265153700676343,0.017573630114218083,0.01066991100794534,0.006056169360903228
5,23,-45.69345632368966,0.0981439896222252,4.4773501191835425,0.011842251124573941,0.01716706334959956,0.016442107813142107,0.008017080883086228
5,24,-5.423157157434062,0.15294585002888755,2.1491280572081006,0.010585753437830562,0.017470093652629866,0.011240079138034077,0.0073453569386867324
5,25,-124.76865425994335,0.1130562722642699,6.907911612454608,0.013044781091588478,0.04898524516778138,0.012819975627912376,0.007909535665039793
5,26,-4.777476708573673,0.04275712849016704,2.664208335381944,0.013444984511914022,0.029914204472423787,0.010733330366011267,0.009021882717320106
5,27,-8.553672960207592,0.0731928973623322,2.0351591450834285,0.00795181961940785,0.009591305773841988,0.016333557063382433,0.01139452715855452
5,28,-1.6974219279137301,0.06043579727160258,2.1870366932239826,0.015713964316316296,0.02514466374630233,0.014350153817509124,0.008290048062883852
5,29,1.762024497769083,0.04536798078420502,2.442190974100114,0.009908350016172882,0.011514684118298146,0.013374470696643777,0.0058336846939380516
5,30,-3.288085396975614,0.08828045303218986,2.1870366932239826,0.008346947467681307,0.010425156915172824,0.015360778377749434,0.008902383025709771
5,31,-17.447199618906716,0.09041323517555401,2.405740362546381,0.013522755488831447,0.01292677649157645,0.020082989255403833,0.00943708426982939
5,32,9.05597706063968,0.14119255141614334,0.19801548438649613,0.013393796960726475,0.009873829312179467,0.00954076710920192,0.0060677275015431935
5,33,-20.37870905310409,0.0918838790717953,2.405740362546381,0.020138498176489415,0.0260861117842119,0.01640110507921036,0.01124702047894465
5,34,-506.7253043636984,0.07073786342520683,13.621234165403454,0.013467107820497365,0.049497409060226955,0.010483983060683395,0.007061339880426659
5,35,-259.7548910099129,0.09346305389876798,9.895630959990072,0.010000142059114075,0.02395572922917453,0.015561376336834435,0.008496931829581049
5,36,-102.11793516443008,0.099150762020949,4.963162302203457,0.031091796202488448,0.03880072362287256,0.019652975869472934,0.009264539469453869
5,37,-229.94356614583592,0.07870384301590781,9.185554111540728,0.012078290751263395,0.015543997406296268,0.01715464349253241,0.011591452549744686
5,38,-34.76565752999526,0.03214601130391678,4.3563406565029075,0.008322736983545716,0.014787834226184389,0.014194809638410653,0.008075223719375387
5,39,7.55942323993564,0.08186063184813674,1.9801548438649574,0.013562326029269963,0.028837825020361224,0.006795191645846181,0.00611239636575279
5,40,5.193094139660637,0.07349625016436308,2.3026372041515364,0.008184166059923345,0.0230112191937554,0.011545790342932565,0.006520501206260688
5,41,-26.024682630031734,0.09510374410706408,2.289554038218857,0.015276408789306665,0.03544204107773656,0.02100874945915561,0.012845236212728374
5,42,14.35473580684738,0.04179856935007952,0.0,0.0065507767840924875,0.02646251900310698,0.01213383960319727,0.007644299810669847
5,43,-351.8554803302882,0.0939260528234479,11.372590804764709,0.013324508814710943,0.0392159100253119,0.014517903410539159,0.008431214187293302
5,44,5.90559768350689,0.0558438283169809,2.254330129938567,0.010228331866229741,0.022304900014421737,0.0102617272356799,0.00738824409749106
5,45,-181.29489052576923,0.06910714875085563,8.097791124647745,0.022491250423876785,0.020755580096011042,0.01155496794655057,0.007792066953864733
5,46,-1.7204337838288453,0.07331612864721343,2.344503335136111,0.008901617142673976,0.0320155481980844,0.013868205251015696,0.00892716674189442
5,47,1.7205310669684373,0.0655353892544359,2.370361827803052,0.00805100744981135,0.02505450968399113,0.012665142345415058,0.00796156521224884
5,48,-4.357272305339102,0.03912854821473946,2.8360927441162627,0.012516045394807775,0.03364028412893545,0.01085083194991826,0.007755220107628133
5,49,-323.5668989094466,0.08438156484569899,11.042950491583126,0.011006928023901137,0.013119740809126333,0.013434395127228292,0.0077951755185850305
6,0,-46.23653822701549,0.039898634379621364,4.884381948200228,0.012554109952297277,0.0161400997892282,0.011920378841711871,0.007358146274406236
6,1,-42.64083852881737,0.07095933032386054,4.8080634802596,0.009399003209443216,0.03990043036774059,0.009824245940725264,0.005325344513053504
6,2,-177.77593477331953,0.056238866905519075,8.547668409350397,0.004144362171576328,0.008992126176198137,0.010139531063023986,0.0069751892335504
6,3,-1.808150437533051,0.07301259053497974,0.0,0.019734269320768022,0.018213286883756393,0.017718963818050125,0.00878156856195136
6,4,7.804955013320992,0.05788115419516848,1.928045505868511,0.009908596092188542,0.011294907925470736,0.012917355356939194,0.005997416688897567
6,5,-11.172552862124057,0.03148340211920709,1.9801548438649574,0.011108440199495383,0.005683832142805373,0.01724635968594352,0.011631297105631702
6,6,8.272226600110002,0.08996978811162307,1.9030059538442445,0.007558130277261927,0.014971492533421601,0.011907982505017253,0.004501565844835986
6,7,-256.35775209997314,0.02954888222129143,10.025836630516258,0.011189643102514989,0.015757328486826636,0.009496923935900986,0.007974230154266512
6,8,-31.02214834815237,0.061174604157865985,4.4773501191835425,0.007032760895812633,0.011652284140217446,0.008958187750395108,0.005608728228775069
6,9,-43.5666641655217,0.1059653851830318,4.1276467167889255,0.014853752409631845,0.010043734691313018,0.014562015113269057,0.010337763873530364
6,10,-3.6777426442076795,0.09412560133627941,2.007280252685025,0.008473878547331342,0.010010878347146958,0.01664857933565718,0.008600994075328675
6,11,4.266409267142073,0.10859447427884883,0.22201736128182895,0.010812251661982809,0.008212344983677013,0.015824281395538382,0.009142444928507876
6,12,-107.24256372470582,0.032546594910407955,7.008026273504675,0.005260526547116736,0.01754158522477961,0.007377860873529684,0.004454145960678039
6,13,-38.184055146957476,0.0984464158732419,4.605274408303073,0.009709810696083414,0.030803426985963188,0.007898488800922372,0.004310064511934487
6,14,-128.43988899769408,0.0884329937531812,6.907911612454608,0.009969502288652801,0.006458871926182154,0.018713186593518092,0.01014377107392615
6,15,-56.71453540667807,0.1698879465086385,4.605274408303073,0.01283764692585895,0.0287248464080408,0.01029633688118686,0.0066523183582662074
6,16,-17.071410432116537,0.15028320521779703,2.664208335381944,0.007674015129659902,0.057800672165026545,0.012237737682029137,0.006354672013260266
6,17,-16.197348110811184,0.11155590521819174,2.5997516821065734,0.010228545449693592,0.019194404396247318,0.016537976985297263,0.010928678448339467
6,18,3.78409427103702,0.04349110553791706,2.370361827803052,0.009084022833157523,0.013589160583456324,0.012205545306919006,0.0068781395441094035
6,19,12.14252827246927,0.13166728953625484,0.2254330129938571,0.01406810566104729,0.03313170180217131,0.009995429958226153,0.005161952818825593
6,20,-31.488194321738625,0.1639105806061905,2.402155056491915,0.011148415910104851,0.013303437339899983,0.020123988330228798,0.011522705993665264
6,21,-1.638065019125694,0.09835013470191267,2.3761858126379503,0.01228930211584794,0.01655281273534894,0.013581221784133927,0.006916382457787664
6,22,-150.7692437809419,0.09226480961801453,7.7022946106234365,0.012705138347938981,0.005841825280175439,0.011614169308280398,0.007784278711349547
6,23,-46.032109154987936,0.14431765229144086,4.459653083139339,0.007611866246893865,0.03791805149189204,0.012087833098783184,0.006204893550375371
6,24,-469.1783540088416,0.032081643554544986,13.187831260140616,0.008700012363826195,0.018315417701113185,0.017126189003571483,0.010523261928243662
6,25,6.595491398911417,0.13036294803706638,0.0,0.013131671314549478,0.019001061344194308,0.012663884695350524,0.00889132716334302
6,26,10.744792736041411,0.06238208543949887,0.0,0.0071875353187160936,0.04379043997297617,0.012038368255621584,0.0085936376242783
6,27,-0.5240068081448435,0.0713030588384287,2.3761858126379503,0.008445133757663807,0.012568853507861855,0.014705645973783493,0.00693201855849043
6,28,-94.13366691031472,0.03761871241507157,6.489250302608875,0.012151408789306664,0.017816413998950204,0.009953712071471523,0.0069685977649861135
6,29,-75.17178803035199,0.059656913596697544,5.976941068192384,0.011203632940414312,0.02554026909122635,0.008404040228705693,0.00541478938313781
6,30,18.116847387393065,0.06931342826610985,0.23258961658096364,0.007843943468078157,0.0205220891925587,0.01174185798539992,0.0044876122428681615
6,31,-23.098439012914618,0.03234626652418462,4.1028808364881915,0.006702968234125078,0.019213725672698898,0.009312210222852613,0.006969721209260212
6,32,3.926478342502243,0.10796374573394768,1.9030059538442445,0.009435300971746784,0.015139801449586439,0.012383791756590944,0.0076268114644434774
6,33,-51.21661874791947,0.10628641092852396,4.740723655606104,0.006314005362165963,0.01716706334959956,0.015952872766244797,0.007514037553589543
6,34,-46.846187693438736,0.09344081667442852,4.884381948200228,0.009531117155648361,0.029462176456472203,0.01132775424952688,0.006263753486629229
6,35,-34.67558162983884,0.05603780533544977,4.298256114416201,0.008049572074237909,0.007785888724897069,0.014015533248044765,0.008353582947813604
6,36,-55.06485371148398,0.11247588070900987,4.605274408303073,0.006418381978978301,0.0067493084167064,0.017126189003571483,0.009732661165685925
6,37,-36.92556350599813,0.08579387996857357,4.1028808364881915,0.010913108632240282,0.011940998399971623,0.016362662111121973,0.009010553630470644
6,38,14.003186897736423,0.08922809806345222,0.1809030351185273,0.012375133077433972,0.015329624393053765,0.012375940583164848,0.0072267477558226375
6,39,-168.88894344323666,0.05876293148532436,8.229849036008604,0.008855606171913527,0.009489760641581614,0.013640734260934935,0.00846414909195183
6,40,5.173515410625612,0.09908000120988239,2.120850056455362,0.007771179921146263,0.010157899868876512,0.010604623291701138,0.006373730491420852
6,41,-1.6332592135089037,0.08786226045505967,2.1870366932239826,0.010817509933520687,0.012674669653051104,0.015088120085511483,0.008158842269875465
6,42,-41.67180951626324,0.10767576736135834,4.579108076437714,0.007960876646792962,0.012957847452143201,0.011880133495782768,0.006926556775850395
6,43,-3.7442483712718655,0.11962514833414761,2.0351591450834285,0.009313054896272857,0.006184043152011565,0.013526498319987975,0.008931610419112784
6,44,12.719760230771126,0.048085773911657366,0.0,0.009853656899864375,0.026127443810638196,0.014076203331677337,0.007863520077290548
6,45,-19.512497953930982,0.21288608718703564,2.007280252685025,0.00640682487910455,0.013751786317860108,0.010569189019595174,0.005925408791047735
6,46,-67.93038001034155,0.10826602302748078,5.398527416431831,0.008785110072999596,0.02313916708792115,0.010941673117143856,0.009287056705364508
6,47,-285.65487708619474,0.06198235630684543,10.296805188097778,0.012690766783708413,0.01233083176918192,0.01808004883403226,0.009252720332290987
6,48,-44.41554239137331,0.032357941066962846,4.4773501191835425,0.008337139789082286,0.021786535827781985,0.016224030417631433,0.010120708015579473
6,49,1.2014112073758199,0.04316901424680344,2.8825860677903,0.009172422555898523,0.01615646462394029,0.005693523984730007,0.005218420906351447
7,0,-10.025439890716228,0.12504496637542975,2.442190974100114,0.013996927592779056,0.003876976313052743,0.013067677478893256,0.007701662341897448
7,1,10.13442404149485,0.06178905377777224,1.928045505868511,0.00694133598434377,0.012589463606761128,0.011457730527186717,0.004443599714346838
7,2,3.217608717430398,0.08100626295467234,0.23634106200968888,0.014533594707023275,0.01703917855774217,0.01700747322397029,0.009624624296464284
7,3,-46.08907351086545,0.03462032594777219,4.884381948200228,0.00901044663406214,0.013435846356984022,0.012237737682029133,0.008255690177746978
7,4,-208.86080074567712,0.09103396415768651,9.050472433429835,0.008615194603054484,0.024519572357105987,0.012277386210345222,0.007016140969873553
7,5,11.160315550247656,0.04349110553791706,2.1548743889118653,0.009540572063477292,0.015895996331171718,0.007463969354263482,0.004653141614870102
7,6,-3.043173498994051,0.10260345461138261,1.9801548438649574,0.007299913268687994,0.020348043603857547,0.015530291372696108,0.009459415169094704
7,7,-123.35056884073141,0.08909198906230201,7.008026273504675,0.012148948895656323,0.013298516793801325,0.015158745033307249,0.007795175518585031
7,8,-111.35451608545718,0.05013382227332201,6.907911612454608,0.006526640611047768,0.015995491028400196,0.013163724611411083,0.00818048376370468
7,9,7.542200441499801,0.06125950992352576,2.2201736128182854,0.008382632374547918,0.033919651602845984,0.009599120407499467,0.006112708030333446
7,10,-97.07716938632949,0.06370408842648004,6.308993349758629,0.017067524283579466,0.01754158522477961,0.013374470696643779,0.0063484697411600515
7,11,-37.071724218502354,0.09312498798820182,4.3563406565029075,0.009097850693850497,0.013904506445094413,0.010186238636644787,0.0088926670427679
7,12,-46.028234421128445,0.05671638813443373,4.8080634802596,0.008337865901898733,0.0342125178950541,0.013144781553178353,0.008186851119560672
7,13,3.9382072713780545,0.04480901782694485,2.442190974100114,0.010848478105820866,0.020576743541361187,0.012142943603047716,0.004843442606863744
7,14,-111.24348993428312,0.08351788295187222,6.988423402809558,0.006895725920391754,0.018646552608816754,0.006769578836777797,0.004027372184332142
7,15,-9.959179484049805,0.09541103475090504,2.3026372041515364,0.012888329283453888,0.023950156826418344,0.017763274346231622,0.009442508801836386
7,16,9.397470986827766,0.059418752924021885,1.953752779280091,0.009256741165611817,0.015218352901547286,0.010798851714377746,0.0069208732686149715
7,17,-517.4904822192898,0.1797412606134551,13.432050357550628,0.011225730155590719,0.04368830915561937,0.011412948040921328,0.006306955013753483
7,18,-3.47371099099146,0.14883261179771146,0.24835840414577473,0.007007584963661231,0.020473173889406105,0.018307704524194134,0.007547972694760972
7,19,-543.382546445481,0.03051905090576802,14.202279818612972,0.010131098998904575,0.007956876627346138,0.016050187437139693,0.008753549376625393
7,20,-116.0819203155357,0.08900004297383757,6.907911612454608,0.012350955018083185,0.01213463539044934,0.012589432404364786,0.006884351381853077
7,21,-1.0123760322999935,0.051124631557799415,0.20638233583944662,0.009234992381106259,0.013634543932611399,0.01682958880941418,0.01171802612335783
7,22,3.4921069807682947,0.06521173637020485,2.3634106200968845,0.01221012163765823,0.038800723622872554,0.01085083194991826,0.005951220326468613
7,23,-3.8375123373354256,0.042095065674605726,2.3026372041515364,0.014248541337025316,0.009920682408615709,0.014730863140348948,0.008484750554361188
7,24,-1.7230887688167087,0.0865034290812013,2.4765880300733563,0.015094367381106257,0.018756182857067222,0.011662491294936232,0.006621398563357417
7,25,7.230727761042797,0.03228354447082712,2.1548743889118653,0.012433356699087867,0.011013915319209174,0.010524194505755567,0.005324141543426562
7,26,-198.93782093030347,0.041499565887515064,9.050472433429835,0.006117513263216679,0.016336762387661897,0.008841561107721722,0.0055486193490042615
7,27,16.93230231064109,0.03713119053093453,0.19280455058685142,0.00939677904251927,0.007688604014323975,0.00852404298896885,0.0073204374989324795
7,28,-36.25289679623103,0.0985989131201558,4.334029052628371,0.012278284272486183,0.006793924823824268,0.011171516715737417,0.006392574475604726
7,29,11.905560253819928,0.10205885296718785,0.0,0.005296924446202531,0.03421861218592241,0.011881811848308915,0.007499145504707656
7,30,-18.7020894819102,0.14832979892001652,2.1781703282514537,0.01582696100966473,0.026380822563358768,0.009709332794834186,0.011392765175370013
7,31,7.9717301586442915,0.045876020213000225,2.270205694233909,0.010731915225530398,0.021774050724850752,0.010104914256426716,0.00541415917902251
7,32,-67.30784463277061,0.09566001628308557,5.463884891207035,0.013792714395381893,0.03439414936057084,0.012113228152966142,0.005664836370256356
7,33,7.017777475527804,0.08162694378745786,2.289554038218857,0.00945349584651899,0.017658207790941446,0.008519543717424872,0.005714221003624607
7,34,5.1472727062209565,0.07976290213980901,2.0933065492286693,0.008553751554023508,0.009489760641581616,0.012209577616505509,0.006962682796185636
7,35,-30.807061432039667,0.11305435316134743,4.01456050537005,0.006978575389888651,0.028063700958565932,0.013718320305488125,0.006805423102925024
7,36,-185.36557206051293,0.049052011359510254,8.712681313005815,0.005958685025017106,0.012568853507861855,0.012297554683914006,0.005688860896957195
7,37,-13.818690566153556,0.08752947340424475,2.270205694233909,0.00999213735737208,0.018767575513492007,0.01960315750535111,0.010174368151682163
7,38,-43.78702412572848,0.12234920831573197,4.2738342046751985,0.015648006219233478,0.017449616835312324,0.012022020286869294,0.008525401553098073
7,39,-2.666383952832181,0.05075731983268621,2.254330129938567,0.009661524406932619,0.03313170180217131,0.01660090418817686,0.007629320720317269
7,40,2.0430113826655827,0.05160834645783149,2.370361827803052,0.007474920595215934,0.026525352119653033,0.012607195810107951,0.007876356394169254
7,41,-209.30883409772503,0.06833718279757314,8.668058105256742,0.016040896536258693,0.049497409060226955,0.012294441417123932,0.011826874978152175
7,42,17.666563908027857,0.08908362877591351,0.21548743889118693,0.012961267626116903,0.031872945702540734,0.007826795226207224,0.0059463431468106
7,43,-42.63606032805531,0.09239268004063705,4.592777055770364,0.010472631895900246,0.044739801729316644,0.011808365466928249,0.003475908284948163
7,44,-2.8669697438020165,0.06283142968091181,2.007280252685025,0.011006928023901139,0.00253889827242716,0.016974415884580506,0.006836710202582486
7,45,-53.049210784769045,0.03559778617620783,5.044525618633022,0.012204244834898322,0.029281950486965632,0.012183964048890456,0.008767564218540134
7,46,-365.22334059969353,0.06673593180858108,11.544902786655083,0.01602010137969889,0.006601174697229588,0.013469264775625194,0.010280850498541255
7,47,6.889744346270426,0.033518135056987294,2.405740362546381,0.00818901991722558,0.03650220581907038,0.007930195549631218,0.003331897458576388
7,48,-8.089285673730089,0.030763219846823953,2.208008277953528,0.009283863197936535,0.00582653671908152,0.01655882736720643,0.010269924768977912
7,49,-191.62935995853474,0.0630959003407957,8.79188750676041,0.011167424841772154,0.010543028226222615,0.009672040840269968,0.005282274882689134
8,0,10.84290435739144,0.07224566287862601,0.2254330129938571,0.010234222857838364,0.04747972518924691,0.014133891965279626,0.007211719361839926
8,1,-1.1544007478304792,0.0981439896222252,0.20351591450834317,0.007746915106364274,0.032318578501114706,0.017547260521346836,0.011051276190072137
8,2,-0.6335734449302883,0.05615857646763821,2.526404455965635,0.007778838070658161,0.03880072362287256,0.012285383068951569,0.007534007528138411
8,3,-27.929243778029672,0.17594091897384065,2.3258961658096324,0.007720229854204339,0.033587299054609276,0.01883527505177212,0.01063769733779605
8,4,-148.1543175109922,0.06970909749918448,7.8318538134934705,0.009179223134850499,0.025428208947901494,0.009035767238679384,0.007275840247712413
8,5,-133.72333215326046,0.11704259796199618,7.326572922300342,0.009682239259602467,0.012090871618575156,0.010873336569920105,0.0041377152029224195
8,6,-43.15376494474353,0.037322615220213025,4.73409327287099,0.005946666565238559,0.024452920196667456,0.013754828454466754,0.007840084478822012
8,7,10.16718248602319,0.08501735609463948,0.0,0.011103316939815642,0.005693808896968181,0.014526544429362671,0.007208273392950031
8,8,-189.9127774477261,0.09958215793548401,8.494577301217788,0.015462911406737298,0.03062484740184723,0.005231963665110282,0.005228062944103878
8,9,-499.362900472959,0.09579992456244166,13.575708650144753,0.011517874802215191,0.013165623663003839,0.007674046288434652,0.005145459230441043
8,10,-168.80931096072703,0.04401618155571644,8.316650344232821,0.012960835266635308,0.02146681764935386,0.007641821919932702,0.005542250538952935
8,11,16.026332103442762,0.08690041752766015,0.21870366932239868,0.010539651795413753,0.010301989394842375,0.009908502369865728,0.0071362075799936454
8,12,-9.979249891272715,0.0590101809888248,2.5584857823905955,0.010982578834655955,0.01589884405812445,0.01596319180559654,0.010339020549643085
8,13,-22.875032819876807,0.07723740154507394,2.370361827803052,0.0070738973496835425,0.04256813286831612,0.021988318968144342,0.009925617791333465
8,14,-233.23548062680015,0.09854021652863751,9.324729173836799,0.009391240977533718,0.02514466374630233,0.01807228671222983,0.008014787278624107
8,15,-128.27246587719372,0.1141059659366767,7.008026273504675,0.011956626264231093,0.029943635758543145,0.015553510807554008,0.008645114477469126
8,16,11.640354184003602,0.06220196392234923,0.2254330129938571,0.014412027413878554,0.01337130033926875,0.011659688690240764,0.00864337301818487
8,17,-64.87954453053118,0.09192747247983556,5.328416670763885,0.012084876654200228,0.039927836209099926,0.0122439889284681,0.008261839873445646
8,18,-6.53344668633607,0.08070899495716075,2.0933065492286693,0.012409551978875553,0.010399033156223312,0.017880693906464268,0.008363421747728094
8,19,-36.21198628583379,0.08751786656801122,4.309748777823731,0.010031012597365132,0.05058952324264768,0.011980072788451849,0.005842942856738809
8,20,-23.349738009976264,0.14009451333862435,2.3634106200968845,0.021828828144145378,0.02738584874920846,0.011235063626365218,0.01002213484520189
8,21,-22.43824417128493,0.1279831167016078,2.5997516821065734,0.011380688744885521,0.03705729176719566,0.018152340132165504,0.011338514204153148
8,22,13.521644195622613,0.04158731571885461,0.0,0.01588304876181114,0.02718934013727052,0.012482948200705087,0.006379955375668777
8,23,-1.9338896213509003,0.13347186361716215,2.2201736128182854,0.01290898454688242,0.014218937550542321,0.009249195935834177,0.0062048438719900754
8,24,19.406767055705515,0.03258636762314852,0.2007280252685029,0.010027966335013771,0.010055109389713015,0.008566835832996446,0.005701813257380812
8,25,-3.104985268324569,0.06660857316009142,1.9030059538442445,0.009786133936277329,0.012417329901074756,0.017828534612715802,0.008554060293189053
8,26,-62.66673374093183,0.08755907083664023,5.199503364213147,0.01347578491858922,0.037372622172123934,0.015203317594619185,0.007078410009229708
8,27,-53.584788677182615,0.034467697726169484,5.116971564781191,0.005139860059804285,0.019239597124634425,0.010215997078411698,0.009284728284724427
8,28,-13.514627319795345,0.08433995920500682,2.402155056491915,0.009319051012155959,0.038223828281302434,0.018263230871751145,0.010408752307313248
8,29,-96.29247962480393,0.06386661637496109,6.320964874141471,0.010106972364067894,0.031016132847079436,0.016429994880401033,0.007919865912320113
8,30,-82.47519133396632,0.0660840566209169,5.976941068192384,0.011173740136956488,0.00871451518953887,0.01491812017985585,0.006495594306280224
8,31,-1.6098166637567672,0.07464523044042605,2.479763142932424,0.006942294379868548,0.02923609470340493,0.011494771448523476,0.008913797110458258
8,32,-93.12012154985767,0.10243381181171182,6.033648288953223,0.014261952978133268,0.04315761700321492,0.01586616504880325,0.006707662966068992
8,33,17.98665453842046,0.05237862028556032,0.21870366932239868,0.010498277500944645,0.014496110139001433,0.009989370131422459,0.006915796527252103
8,34,11.230898904399961,0.05530046579156227,2.120850056455362,0.009374636225143106,0.010197119109153479,0.0060215295201731895,0.004042298948377215
8,35,-3.9252113100258264,0.0578456916742482,2.5119678590744043,0.013658851125795063,0.011653677120987355,0.011471726270165999,0.009050168653465166
8,36,-24.310812179310396,0.047830008141542785,2.7319424456035173,0.011348322516627334,0.046256362571130416,0.007080859488299888,0.012797360506380745
8,37,-236.46555159367563,0.05566567928439401,9.6161269605192,0.007656798430137515,0.016342348820957857,0.014439979398128445,0.008106821498958928
8,38,-410.87917860210604,0.04617361631407265,12.445137566647157,0.011001577594519224,0.00941982710302149,0.009192356223822052,0.008468962684306004
8,39,20.447691119259197,0.040512262692854246,0.2007280252685029,0.009477541602544647,0.020591720883846136,0.009202480301566611,0.005389408473345085
8,40,-137.18189328934272,0.04928991960963935,7.570792019710354,0.009065975895118124,0.02640209318577024,0.008010119482220964,0.008136351825003815
8,41,-404.7515638012336,0.03323246560703899,12.445137566647157,0.008224664578637072,0.035535681033285735,0.00952831685048993,0.004918754200416039
8,42,-2.0985669527351334,0.1104134723770514,2.483584041457743,0.009278129441777517,0.03327310032971899,0.010102009401294448,0.007682270992314252
8,43,-216.31929143163217,0.1483445235685656,8.919306166278679,0.009352165620718828,0.005549032496396907,0.010514276051130086,0.00716316250541393
8,44,5.00855048177549,0.03550454979835585,2.1870366932239826,0.007206740492400604,0.04181495067354321,0.011763622572001631,0.004428724750848796
8,45,-4.3322520137545695,0.040463334212939614,1.9801548438649574,0.008465156463821417,0.004314518355764516,0.015741952369925656,0.010225826200124159
8,46,-218.91078735786573,0.05771344559302939,8.90681414083571,0.020266018225734376,0.02502830749223646,0.01685592553888983,0.008544164941555896
8,47,-201.4160957714575,0.0523912275617826,9.050472433429835,0.007962799024793108,0.029208404411666944,0.00941414710122495,0.005236122735226019
8,48,8.829788370416097,0.06109677387267784,2.0351591450834285,0.010619258746483826,0.01754158522477961,0.011691757282616766,0.004602064764211525
8,49,-47.56341308067448,0.06905835422221603,4.956211094497292,0.011563867042069995,0.04323974327587884,0.0077783978079771846,0.004691648756643069
9,0,-49.77432099582033,0.047773644144565246,4.440347225636571,0.005075353015918679,0.02571407964522967,0.018119356014536042,0.010844660728465579
9,1,-56.463994107507844,0.06384131550825912,4.241700112910724,0.013442995869233768,0.026467438270860837,0.02241154264144809,0.011254873634009623
9,2,-1981.8593866212796,0.07615022454923619,26.527246787639168,0.01573977060372108,0.03483259766263504,0.014270090898064188,0.0055640008308755085
9,3,-203.5747696164437,0.11904441466774389,8.735529253511949,0.012625797968739598,0.021543787011097243,0.013936586787646848,0.007903184870852903
9,4,-12.861804279343716,0.0925606907426771,2.8278000752738164,0.018687411517321787,0.026612164461174877,0.01202866365336924,0.007491654053851534
9,5,-106.95259242418011,0.12380619125445368,6.154321254732287,0.017566953553226274,0.027806624087887803,0.01331367284783158,0.010597244115963333
9,6,-77.13618820454501,0.08538123794746709,5.594837504302079,0.012819658461593789,0.01711135850910074,0.017443529066777125,0.006411701113038612
9,7,-86.95665041969924,0.12761572428012838,5.96980015891139,0.012266136701178532,0.022927091597561105,0.009557232926378025,0.00684784770687199
9,8,5.651926672193024,0.053380130008878805,2.370361827803052,0.00805100744981135,0.009053726312327868,0.010226243429155572,0.006342487473045676
9,9,7.31177526258524,0.04789996228122083,0.21548743889118693,0.011518783739761729,0.026525352119653033,0.01555150135988042,0.009656769807996865
9,10,-90.05327951894893,0.04304472596110283,6.033648288953223,0.016555630855981635,0.04530776103705406,0.013587850832076222,0.00823739698608891
9,11,-113.67964112420374,0.15401454264269623,6.547150270991795,0.01226635693284747,0.035750359739978185,0.009066387815865074,0.005631338874679058
9,12,-35.04040617474562,0.15871091886112232,3.0997039286655297,0.010566510847736127,0.028236596907066418,0.02034488303196088,0.008148608205882415
9,13,6.167783700147989,0.10992554904257758,0.0,0.013751194949894515,0.041955314443247745,0.016045653602521463,0.007484232842979312
9,14,-255.54638535998635,0.08755907083664023,9.926324604406915,0.012229289261684591,0.016844762934587285,0.008231009564790661,0.005191216970805755
9,15,16.604690605246432,0.07119557235241566,0.0,0.01092153130836273,0.027949998259812033,0.012700616249204426,0.005491155241620737
9,16,-14.54339618703905,0.04928991960963935,2.686410071510126,0.010081874670358652,0.021189516933264187,0.017383003191382248,0.010771597009780589
9,17,-28.38859157958509,0.020048007943285907,2.779044901562199,0.009989425937357502,0.02303849261343352,0.020582410201728164,0.012416627727925109
9,18,-57.00114731318479,0.07125888489278141,4.3563406565029075,0.00450620282565002,0.007416826855177012,0.0212162274327245,0.010739077373532512
9,19,-43.961714920542065,0.10906617297695868,4.651792331619265,0.008941521624472572,0.03468332165129005,0.011514698377112997,0.00683456716610192
9,20,18.438928944559258,0.04848188814062886,0.240215505649192,0.011222114673699709,0.038223828281302434,0.008902578674918912,0.006031654267868288
9,21,8.377325857692728,0.03939850962838856,2.3136546070422144,0.009400733117050728,0.010886677915153003,0.008979254790712524,0.004822228259937764
9,22,-2.186455954307405,0.050110729771123325,2.254330129938567,0.015383098786346543,0.03791805149189204,0.014797054605059498,0.0072310474145657125
9,23,-10.521692255382781,0.04256087700550608,2.8278000752738164,0.009622161290812375,0.011969401100137113,0.01595287276624479,0.008835962773061973
9,24,-7.670061279086113,0.07600559739093639,0.0,0.011253419132181513,0.055847342815311216,0.013490982962093234,0.013122278730598631
9,25,-66.24255300445267,0.2136596988984398,3.5818800953468344,0.010222769136613326,0.03925388150925667,0.021153207781181065,0.011543349256777647
9,26,-70.25775151467948,0.0753065424979261,5.284741124282215,0.011948756894972563,0.01566408951730383,0.01780611553204656,0.009863196931212891
9,27,-6.321017035896283,0.09615375804384316,2.5584857823905955,0.014950832802909925,0.022043287510597743,0.014346509391560146,0.006800266252825079
9,28,-29.402060285783328,0.058164239912910996,2.8782965051894203,0.018347188259860148,0.026872656863881083,0.0053671073680958215,0.012069940654110604
9,29,-9.406539885129057,0.12070017914830855,2.289554038218857,0.017843888234445618,0.03806535628332469,0.012908190420672835,0.008268051569379486
9,30,17.936292890349403,0.055535579721594334,0.2764744498981266,0.01176506676077344,0.04008048896157715,0.009968332819392876,0.005619478239320185
9,31,8.456940737631633,0.06120007588756392,0.26642083353819473,0.014669078757572845,0.015685411966675684,0.013458411594394034,0.009473945582859066
9,32,-1114.202855296884,0.1734191231072588,19.641450812975382,0.007792248097899272,0.005561537469429137,0.02192450037490653,0.012391406561393332
9,33,-563.8821759834793,0.08764727849318675,14.327520381387338,0.014431011559423348,0.0397758113532576,0.01063719749961212,0.0061939657703294565
9,34,-21.11636642493268,0.13657893404163626,3.0412189488793873,0.0051379214619693145,0.03282495866962738,0.015132760576361594,0.00850756037331117
9,35,-97.50549049800632,0.13939404077193127,5.96980015891139,0.00985460229438016,0.03588521606292559,0.016029931038749445,0.009741478752869372
9,36,-4.945883984671497,0.06380668289331892,2.6642083353819426,0.01476323135428653,0.030334499004968506,0.01337939140316556,0.0075066828704350354
9,37,-137.85962769609796,0.043795700169859196,7.439289428797272,0.017672511040262746,0.026151718692306668,0.010620702127256146,0.005979817504529456
9,38,-5.304673160163155,0.10761413924611565,0.2254330129938571,0.006513026182903944,0.040593636776172975,0.019529710972568982,0.009957330971820343
9,39,8.413156848041194,0.1214912651720303,0.0,0.011808042477444113,0.023902445326548845,0.011354709999079053,0.009294899896368062
9,40,-1.7870403014651757,0.07065734567901266,0.23634106200968888,0.008535551022100858,0.022089641907332185,0.018541131228209072,0.011142916852596389
9,41,18.778376510803497,0.0904777065311949,0.0,0.008980666534810127,0.023078663998475323,0.009249683639977767,0.005869217641815885
9,42,-5.054867384542888,0.0919808039138906,2.5185094420407426,0.015235611155063292,0.02101990173787015,0.014084130946799021,0.006116480702255099
9,43,12.513132924692016,0.05098957200997173,0.252640445596564,0.010709646318777338,0.03221537674791522,0.013956899001949756,0.008062566909446138
9,44,20.76851650543588,0.04851802631065593,0.21548743889118693,0.009012284835080295,0.021243589914059415,0.008056197729690654,0.005752830330408922
9,45,-267.960689891877,0.03899680059819413,10.089051237266045,0.009772771341506673,0.0047614061813559694,0.011147141405782442,0.010928678448339463
9,46,-14.067468870160639,0.0901539031748934,3.0412189488793873,0.01211665198829711,0.0319939190057663,0.016160178847256693,0.0066495998029211315
9,47,-29.631752058590386,0.08411164702801331,3.447799022258986,0.018475973508469842,0.02626818608092644,0.014453959675585567,0.010293110415480165
9,48,-20.004893917567315,0.10579551179709912,2.526404455965635,0.020107516140477698,0.04528543365903974,0.017660184982358065,0.005885518798558421
9,49,-36.75549029094542,0.07008907592702522,4.592777055770364,0.007833486960962591,0.01402348423822886,0.011558490067103827,0.006450146017228424
