iteration,chorale ID,score
0,0,7.643277464621537
0,1,-106.98978284874035
0,2,-13.692298027593814
0,3,-36.21783102961166
0,4,-4.393573106194189
0,5,13.502575325260828
0,6,-163.30212561432336
0,7,9.903041800831414
0,8,-227.85041923381578
0,9,-31.587213673456134
0,10,7.014882466541895
0,11,-166.00233142195958
0,12,-11.855862852068412
0,13,-222.7680013722731
0,14,-334.31464089769486
0,15,-18.885751889321448
0,16,-2.6733223428395902
0,17,4.412490386488308
0,18,-66.25984934931438
0,19,-417.64098497337176
0,20,-156.8651566724322
0,21,-239.04482267019876
0,22,7.241541546063345
0,23,1.1089729523675302
0,24,-58.29528937186612
0,25,2.801584347841974
0,26,-946.3832316676387
0,27,-20.53754582905001
0,28,-15.979665346205728
0,29,16.386831099412113
0,30,-16.294999735055654
0,31,-37.511647483627655
0,32,-259.921966916252
0,33,15.454267738575403
0,34,-64.93097040898486
0,35,-124.52570771867
0,36,-88.99297782732198
0,37,-5.957549285657208
0,38,-50.635839370310606
0,39,-258.8270827101169
0,40,-16.92342810252653
0,41,1.8187609089260768
0,42,-83.63579435287032
0,43,-368.27185915220423
0,44,-216.52533267633527
0,45,20.807804046989858
0,46,-1.5977837457333663
0,47,14.993793206818502
0,48,-334.0063591046288
0,49,-11.908404909717788
1,0,8.799840184603028
1,1,-317.3660329975091
1,2,-1.4797610615075882
1,3,4.669677570060191
1,4,-41.90002716925923
1,5,8.093588453704378
1,6,-55.58499557267989
1,7,-225.52983225289398
1,8,-333.657748842921
1,9,-13.907694174257053
1,10,13.289460566497869
1,11,9.664740854768503
1,12,-22.725362788518517
1,13,-19.661749520787637
1,14,-14.555375406758856
1,15,-1.332818409111244
1,16,-1.3381924807858212
1,17,9.170828922697059
1,18,-74.62996379510597
1,19,-155.2233035871389
1,20,15.352899842683666
1,21,-44.11009428803257
1,22,-58.821154157438656
1,23,-3.1522367104276974
1,24,-128.3924077702721
1,25,8.208160691340765
1,26,-37.99426001112029
1,27,-111.06198995243174
1,28,4.366453392848971
1,29,-25.14777349140077
1,30,20.590717680716367
1,31,10.780991536600773
1,32,-110.43168989608496
1,33,-158.3511162607104
1,34,-1051.3081680545108
1,35,-344.56816197268375
1,36,20.224321141476334
1,37,-439.5989507489207
1,38,-145.47802884977932
1,39,-61.005900268302796
1,40,-27.509964427788013
1,41,-32.887352186265446
1,42,-63.38074740047695
1,43,-24.33388679013504
1,44,11.641740639095573
1,45,-16.48082604269537
1,46,-774.4819386435931
1,47,10.29288510699564
1,48,4.654213143185537
1,49,-1469.991060866811
2,0,-375.14333298733175
2,1,15.229117842372318
2,2,-99.797843575881
2,3,0.9253946732880998
2,4,-158.319849555083
2,5,2.8275613052438153
2,6,-42.85435029043754
2,7,-1288.9777643085513
2,8,7.469592406235424
2,9,-397.0466947242252
2,10,-570.882860242545
2,11,-6.177963399913203
2,12,16.8233702411995
2,13,10.15260742786933
2,14,-441.3981251261671
2,15,12.267944662230057
2,16,-92.23027658426292
2,17,8.33014684878318
2,18,-27.795062635255498
2,19,14.675670673490878
2,20,16.511648282662136
2,21,-124.3092030546183
2,22,-267.0427910752318
2,23,-20.234123012537786
2,24,-75.05283625294746
2,25,-10.94883968316688
2,26,20.054081756772717
2,27,-396.13941520563645
2,28,-160.59453236431875
2,29,-229.04409801523042
2,30,-21.3165856243647
2,31,-4.079543565334255
2,32,-283.57586624717135
2,33,5.4679863916909355
2,34,18.71328783418125
2,35,17.97882199996246
2,36,2.593971453398769
2,37,-52.25516349747021
2,38,-26.602168645278347
2,39,-349.08079557457313
2,40,-101.689530104746
2,41,-353.55084209491724
2,42,10.288215006512974
2,43,-139.0332721897032
2,44,-551.4544356885092
2,45,9.518231174609593
2,46,-208.3833636118987
2,47,-24.000391369984747
2,48,14.704884076450202
2,49,-422.76177753650484
3,0,21.3540363057624
3,1,-176.19822716331345
3,2,-13.159333877437227
3,3,-57.499496941303164
3,4,-96.66213363885677
3,5,15.257618580462587
3,6,-57.00255717778897
3,7,-9.173445893632604
3,8,11.307481902068126
3,9,-10.131812861641883
3,10,-37.99874835962095
3,11,-99.59500909179089
3,12,18.006635560946254
3,13,-0.3210508480166041
3,14,-16.694542355807386
3,15,-203.95824082904596
3,16,9.496738691745236
3,17,-264.17809369309265
3,18,-672.3091309963319
3,19,-120.17655020995637
3,20,5.841901246134547
3,21,5.545277779774565
3,22,-240.44664580794802
3,23,-20.626813027764832
3,24,-261.2499118952215
3,25,-116.51464693699758
3,26,-373.4587936448239
3,27,1.8295282737488883
3,28,1.9015551850762797
3,29,-24.003067878514187
3,30,15.108145039188804
3,31,18.845275873221425
3,32,-18.650435154906987
3,33,16.885543726425574
3,34,-206.5509068898578
3,35,-324.23445011000547
3,36,20.832496219130864
3,37,16.979178675406814
3,38,14.76625443240323
3,39,18.746726473715132
3,40,14.566690196236625
3,41,-69.24297708214175
3,42,11.724111245543732
3,43,11.900788473990321
3,44,13.866989567699349
3,45,-20.134052433294286
3,46,12.123932750051559
3,47,-129.67429202207506
3,48,-562.482836020204
3,49,-215.8895583477693
4,0,-87.51072426401127
4,1,-138.5316132511964
4,2,3.3835437151310153
4,3,16.90664825589988
4,4,3.0284931882615176
4,5,-49.84118770998444
4,6,-38.539550486383675
4,7,-85.1637398732416
4,8,1.8954289733862595
4,9,-33.86225408490696
4,10,12.774013569504607
4,11,7.433711241418159
4,12,-92.64525692017527
4,13,20.097103943846314
4,14,-15.614775569877885
4,15,-434.8334644941756
4,16,-142.18828377067592
4,17,3.7874844186179217
4,18,21.330630055640768
4,19,-20.038106536734134
4,20,-777.1407329851447
4,21,-104.88890833521079
4,22,-81.99458946886782
4,23,19.13905422309321
4,24,2.2650320228538448
4,25,-59.63039120891774
4,26,5.2716074801299975
4,27,-360.75820184308026
4,28,11.144465111680077
4,29,-128.7502050864682
4,30,-235.31845185659716
4,31,-62.646715827439635
4,32,-121.71162212890364
4,33,18.817629680989572
4,34,-59.42129324027242
4,35,-53.656650666828824
4,36,-40.997433600924325
4,37,-133.6259172704177
4,38,-135.41307613625582
4,39,-41.56205389337069
4,40,-1565.7507188002653
4,41,-48.85940188158233
4,42,-95.28985948523069
4,43,6.070488159797758
4,44,2.010372342360604
4,45,-68.61358693154361
4,46,-135.85500774971206
4,47,-232.7344805243137
4,48,15.738136916603477
4,49,1.6555460398646282
5,0,9.755495908660183
5,1,-373.78270480615413
5,2,-18.29701253337486
5,3,9.944199326112667
5,4,-49.84858661479467
5,5,-98.75962907730305
5,6,-82.94532250695482
5,7,-83.60183414513158
5,8,-311.1413036111661
5,9,2.5305395615300625
5,10,-96.46899075799193
5,11,-35.12942765037304
5,12,13.708511484064669
5,13,2.2530664549629584
5,14,-2.868343946584936
5,15,-3.7882388923985424
5,16,-18.226169210895982
5,17,4.968032766191616
5,18,10.241182809026995
5,19,18.901964678474563
5,20,5.976923114231674
5,21,-161.47569839372244
5,22,-147.96324190833008
5,23,-476.79382577115166
5,24,-416.0763590286915
5,25,-24.217931062400112
5,26,21.38800079871109
5,27,19.17661896699058
5,28,-66.85036502438825
5,29,-128.62239140834225
5,30,-9.74856129871472
5,31,9.086375987438831
5,32,7.707888574587653
5,33,-33.44693095800913
5,34,-28.37144692519724
5,35,-65.28544049097349
5,36,-139.29843383319655
5,37,12.160583047673555
5,38,-248.81006573988662
5,39,-5.160714413302806
5,40,-23.50220881954209
5,41,-628.4831806114778
5,42,-3.9449674519408546
5,43,-22.513623513046042
5,44,-81.0004182346527
5,45,-291.07837402213625
5,46,-98.43620757426045
5,47,-11.778294950842124
5,48,-191.7943959259136
5,49,19.09946625097595
6,0,20.419316521852313
6,1,-37.313335546910125
6,2,-43.622829184826244
6,3,11.721864266298358
6,4,12.01614947135602
6,5,-4.527861224866001
6,6,-58.309699428483256
6,7,-26.728871757195755
6,8,11.807049949501888
6,9,-23.266521388600736
6,10,-222.614742462531
6,11,-52.75507371547751
6,12,-4.956595360562133
6,13,20.08010778077819
6,14,3.040987909484066
6,15,-222.37436874734374
6,16,6.956927676759541
6,17,-21.039541438600757
6,18,-78.55843247016915
6,19,-8.682041233178992
6,20,-410.4298191741212
6,21,-12.427402856075275
6,22,16.07427786533076
6,23,0.34916252759996524
6,24,3.515601113806948
6,25,19.427675681470745
6,26,-150.33883372652355
6,27,-35.687520850301155
6,28,-529.6101327133443
6,29,1.0988243095763046
6,30,-18.991732962171085
6,31,10.272547936573112
6,32,-2.7181856246834464
6,33,1.949941025663776
6,34,10.0191862360332
6,35,-31.209260880833824
6,36,-538.2321404128418
6,37,11.830464326179719
6,38,-14.351386157063416
6,39,-106.04808342894283
6,40,-111.98362462781749
6,41,11.246199769623164
6,42,4.478555524531355
6,43,-11.090710699910566
6,44,9.966404251506628
6,45,-194.69716739030753
6,46,19.562057317103534
6,47,-25.65460426319438
6,48,14.797196912107433
6,49,-56.18707078397331
7,0,-184.94437344769926
7,1,-65.46937716879854
7,2,-112.98126778607157
7,3,-21.430626390890488
7,4,-36.28674251602753
7,5,-1051.4416641967905
7,6,-77.17881261929551
7,7,-674.2619356082619
7,8,-141.0616434821149
7,9,10.816840693597776
7,10,-18.731861163225155
7,11,-169.52195864153123
7,12,-166.3346692147981
7,13,21.708170258381106
7,14,18.93007537011359
7,15,-57.30933437750038
7,16,-120.04843173888618
7,17,-228.4438264402316
7,18,5.404591136521109
7,19,-169.21890193230934
7,20,-246.60937699533866
7,21,-341.7414067371734
7,22,-135.4102773191815
7,23,-999.6585998286962
7,24,-256.816984052634
7,25,4.846077847414666
7,26,-65.30105227088158
7,27,2.993379305430203
7,28,-596.7370916916288
7,29,-81.09581570757905
7,30,4.2364283009613715
7,31,-23.12590404290458
7,32,3.609919141534281
7,33,-5.28607335448315
7,34,-38.01620537600682
7,35,-267.7435475838943
7,36,-255.08967535112134
7,37,21.1604292606097
7,38,8.333054524328585
7,39,15.85615888326426
7,40,-168.3483422458021
7,41,4.2431523357783405
7,42,-31.47455393615433
7,43,5.7267300057663455
7,44,14.54259039529521
7,45,-15.860945719626734
7,46,1.973946901397408
7,47,-85.37254204339828
7,48,-30.831163614918687
7,49,1.5885319560644113
8,0,18.633667457170375
8,1,-15.356058581558365
8,2,-138.24096743399105
8,3,18.441108268912952
8,4,10.033350372334855
8,5,9.391595964271424
8,6,-17.072321439257664
8,7,6.908919840695177
8,8,-14.264097452903165
8,9,19.844104912763918
8,10,19.291382245619907
8,11,-0.9680062889970813
8,12,9.439624555152196
8,13,-34.02623266491695
8,14,-170.10779267037935
8,15,17.53160346608372
8,16,-36.61076907325118
8,17,-904.2758406523709
8,18,-378.9857444648217
8,19,-28.293154182251776
8,20,-91.75969171612836
8,21,-159.9540093344777
8,22,5.534390427279362
8,23,-8.023043294792735
8,24,-174.49821412806693
8,25,-5.749564232049025
8,26,-27.45861089096301
8,27,-354.03197917256784
8,28,17.25236779234488
8,29,-65.21488636731699
8,30,10.95072414133907
8,31,2.030987070089431
8,32,11.71006469136638
8,33,-36.95796747595135
8,34,-37.042475716062796
8,35,-13.949367536126744
8,36,5.226810853887759
8,37,7.086924694800107
8,38,15.669728214596773
8,39,-29.436973133885523
8,40,-55.24808820803149
8,41,3.469740616235029
8,42,18.810291891499297
8,43,-214.08235846457853
8,44,-573.2210187368531
8,45,2.6402119996200284
8,46,-395.3212137874752
8,47,-28.066558895559034
8,48,9.252654922714648
8,49,4.709073085313467
9,0,12.633616313782117
9,1,5.3615028439293475
9,2,1.611890637644592
9,3,-788.46238911735
9,4,-55.7400015500002
9,5,-70.38004881537056
9,6,6.878183461911426
9,7,-129.03227196754432
9,8,-79.47393051774091
9,9,9.146424667274154
9,10,11.511617808644928
9,11,-20.398940393038302
9,12,-166.9077976446012
9,13,-47.162790237903565
9,14,-30.634170857537327
9,15,-16.28535407503061
9,16,-73.64013493974787
9,17,-16.060442434144328
9,18,-173.2796394296522
9,19,-41.881203062918246
9,20,19.01335714418059
9,21,13.202511373889813
9,22,-44.846226233905256
9,23,7.7646297635560195
9,24,18.149326639455133
9,25,-919.1250098055799
9,26,3.783620428228346
9,27,-38.06476636648634
9,28,-368.7521529148001
9,29,-23.936508972357394
9,30,-416.933658498596
9,31,0.35412673007934714
9,32,11.75857889791084
9,33,-45.85626851984965
9,34,-108.73700263786147
9,35,20.284481073536206
9,36,-11.446909559434395
9,37,-0.5880973776017093
9,38,11.491564683459242
9,39,-61.20336184307443
9,40,-114.93580933310118
9,41,-14.038230775484152
9,42,-395.57073994594765
9,43,8.247384592412232
9,44,11.045633149480132
9,45,-31.34266893269624
9,46,-21.615298195367117
9,47,8.495320038317107
9,48,-26.73428810432231
9,49,-20.614857051709592
10,0,14.087146723502105
10,1,-398.50266233694316
10,2,4.1944886005986355
10,3,-60.97129391578858
10,4,4.6252023735927885
10,5,-20.970574415972216
10,6,-14.671921277237765
10,7,-47.41551936175395
10,8,-66.67781515594197
10,9,-66.17608361176174
10,10,20.255963629908997
10,11,13.263691197405517
10,12,-29.91144271324591
10,13,-231.82507395619507
10,14,-158.8018024355904
10,15,-340.4931643317226
10,16,-151.77274498995752
10,17,-60.66393135826995
10,18,-0.6521368910324341
10,19,-158.13579675713038
10,20,-19.888693512356078
10,21,-86.37101484452788
10,22,9.736941402329084
10,23,9.514677978155891
10,24,-28.914633595997778
10,25,-65.49183151127731
10,26,-98.13841975383157
10,27,-49.86523589868318
10,28,11.17637768416202
10,29,-275.2425500885746
10,30,4.680954722690231
10,31,-156.78619895571813
10,32,18.487859771687397
10,33,6.119274989466202
10,34,-439.91383050102905
10,35,9.843725156808222
10,36,-347.9178248503324
10,37,18.39953682874567
10,38,-25.687227207845275
10,39,-11.075335676025752
10,40,-20.974597556890174
10,41,17.391958006327563
10,42,-72.01379918332839
10,43,-81.38424125578041
10,44,-162.32787509587564
10,45,-78.65917081680927
10,46,-261.4096245510204
10,47,12.890627389436784
10,48,-10.975959756241892
10,49,-37.292750866216764
11,0,-70.36803087037407
11,1,-122.2969619493614
11,2,5.458744617994171
11,3,-531.3063396817428
11,4,-101.32021606328352
11,5,4.694657074594009
11,6,-8.557921064195554
11,7,-351.2748267097525
11,8,-31.116937135090375
11,9,5.379374747306787
11,10,7.339387122542242
11,11,-18.44129389322854
11,12,-61.95361964247141
11,13,-68.21754402229536
11,14,-29.79261696276479
11,15,8.492222419965408
11,16,-92.90805508172456
11,17,18.55296572843085
11,18,-162.93387299861138
11,19,-107.71292273224687
11,20,-45.51421342721032
11,21,-1.7313002501331418
11,22,-453.31600420671356
11,23,19.957826774706923
11,24,-790.8204907139223
11,25,-83.82656204975208
11,26,0.057316583883519456
11,27,-527.3312505628525
11,28,-145.4755155051052
11,29,-19.64382099394212
11,30,-533.1260257896544
11,31,-29.203249177582514
11,32,-119.67589806589824
11,33,-34.742137622765306
11,34,-227.37663595703987
11,35,-59.18920597673748
11,36,-82.26326069800534
11,37,-191.60233640913265
11,38,-18.08418035453667
11,39,-102.80537881255971
11,40,-5.467991202386841
11,41,-360.17787193990216
11,42,-18.00432804574487
11,43,-7.400474210626342
11,44,-294.4723976534139
11,45,6.754008088172608
11,46,-277.3177146846779
11,47,-423.0971357643261
11,48,20.683077411051556
11,49,-94.90432543155265
12,0,-997.4089721123876
12,1,-250.4225554819272
12,2,-4.4422866569403325
12,3,18.682521533065767
12,4,-18.55368717330829
12,5,15.262891720795691
12,6,-227.50851382958166
12,7,-75.00308637960768
12,8,-45.85557900289288
12,9,-25.571828525754036
12,10,-5.554298213409098
12,11,-76.38172773270368
12,12,18.606794415639424
12,13,8.267858919373683
12,14,-232.07772439879398
12,15,-48.50684650281846
12,16,-95.97630052373052
12,17,-86.86508378723869
12,18,0.0905804497759064
12,19,-102.80180975087147
12,20,-62.704854695674285
12,21,-8.020881631001195
12,22,10.83812322823557
12,23,-218.86841057609251
12,24,6.235701124296025
12,25,-145.45020379787087
12,26,10.803989865280933
12,27,-1223.2666671574937
12,28,-65.34171713735951
12,29,-251.61160455709296
12,30,-627.7948410380462
12,31,-1528.2687254274972
12,32,-21.386363823695916
12,33,-1685.9280961278162
12,34,3.0695694473003847
12,35,-88.66867889120654
12,36,6.045815607849153
12,37,-512.1050241062928
12,38,8.550076728542152
12,39,-516.6578589081503
12,40,-81.70209361971378
12,41,3.7964306285255027
12,42,-20.115685424210326
12,43,-5.889453304305022
12,44,-133.16286997782163
12,45,13.02328038899994
12,46,-28.273635005508588
12,47,1.481309787356956
12,48,-791.4476680719885
12,49,-65.6005795359832
13,0,10.787417829219269
13,1,-38.86686270866177
13,2,-113.3764690037247
13,3,17.374905083963206
13,4,-167.0203123640385
13,5,18.39852084447077
13,6,-360.92334947249316
13,7,13.576663358974066
13,8,-144.16581823971518
13,9,-24.67896275132282
13,10,-84.76534462625982
13,11,-90.5402484495471
13,12,-121.9779020530449
13,13,7.869026992105315
13,14,-75.16800072598929
13,15,-9.34735442884827
13,16,-67.29859832753411
13,17,-165.52679222392362
13,18,-22.717906615141473
13,19,8.215345003557221
13,20,16.311260882971062
13,21,11.486523496986209
13,22,11.628705576993934
13,23,10.211432253757224
13,24,-19.821079835862264
13,25,-27.4037808840444
13,26,20.801905161667918
13,27,-234.0246300034874
13,28,-66.21464999987137
13,29,-6.050637141408906
13,30,-16.545227394835514
13,31,-22.360325507696437
13,32,-32.300502753500055
13,33,2.2769189214033467
13,34,-20.008664711163618
13,35,15.01389098142363
13,36,-466.70131586140474
13,37,-84.46894054465255
13,38,-151.05724442589133
13,39,-57.10208861756708
13,40,-34.52375360906032
13,41,-1319.7974750130347
13,42,-24.76513582371154
13,43,-31.15419144157918
13,44,-28.534143825544838
13,45,6.68494126794063
13,46,-27.94641620651349
13,47,-48.348272661584105
13,48,14.491519140748942
13,49,-90.41781617432554
14,0,13.222070547537239
14,1,-32.53923045508132
14,2,-32.36760195889441
14,3,7.050079181572496
14,4,8.656312808290906
14,5,-88.03597434233457
14,6,-239.49652182697452
14,7,-29.697863293835752
14,8,-55.938094518824215
14,9,-314.6275548766333
14,10,-94.12081259394768
14,11,20.879978027072944
14,12,-260.7693436706513
14,13,-13.994219641575384
14,14,9.483859663184013
14,15,19.35238903964701
14,16,7.119040157545186
14,17,6.97985276150861
14,18,-143.8533519535419
14,19,17.36193362520377
14,20,6.815104877703423
14,21,2.9120614027411094
14,22,19.243604247956952
14,23,4.3636509379045165
14,24,3.2173432138866147
14,25,-51.674103296917224
14,26,9.36190125493345
14,27,-65.58186942221582
14,28,-10.07704576831788
14,29,12.476534359703813
14,30,6.712003433077374
14,31,1.062237367240762
14,32,-163.23876505773796
14,33,-27.070278601498174
14,34,-468.5892646267867
14,35,16.836775024432942
14,36,17.410444976756853
14,37,-66.3857598722438
14,38,10.0993268133182
14,39,10.040457427235001
14,40,-29.877226698930357
14,41,-14.560200626854773
14,42,7.865432795619032
14,43,-8.991392420155783
14,44,2.7198787916684957
14,45,-36.086496621582754
14,46,-208.46285201318273
14,47,13.058401839366972
14,48,9.616314056931365
14,49,3.802746817406966
15,0,-25.326133024499754
15,1,2.586594555188185
15,2,-42.58701379054128
15,3,18.7116769867417
15,4,-263.299495580758
15,5,-441.5542766652965
15,6,6.34815542504689
15,7,-23.769971896739207
15,8,9.864102561940637
15,9,-50.0427461167273
15,10,-96.16598330548156
15,11,-5.533172906154682
15,12,-34.02546477256019
15,13,11.932676420904631
15,14,-0.14773355194273563
15,15,2.1951027162598287
15,16,-108.12081001031918
15,17,-303.2234427760118
15,18,-36.21362059894308
15,19,11.160704472250714
15,20,-98.0387525453326
15,21,4.641900579597561
15,22,-74.34070777630723
15,23,-18.94979232472005
15,24,-143.0550414281965
15,25,-1151.7948193367838
15,26,3.184300399912402
15,27,-51.16861118867226
15,28,-30.343609805531294
15,29,-23.939651991617175
15,30,18.03424711457825
15,31,-153.97843563248347
15,32,-179.7671091558717
15,33,3.5986038164619742
15,34,18.725229368735526
15,35,14.36022030778436
15,36,-35.11076722577611
15,37,-261.51810532349174
15,38,-58.810043268504174
15,39,-538.8770486228414
15,40,-142.0782881669607
15,41,-250.1992089802884
15,42,-105.51123488335561
15,43,-120.22968828701183
15,44,-61.926538163101995
15,45,0.9493055294905126
15,46,6.402493225005649
15,47,5.637084138392922
15,48,-288.355711358829
15,49,18.18083697764267
16,0,-46.060180299265454
16,1,9.541678727153567
16,2,-252.82800916396792
16,3,-29.307528352607818
16,4,-116.05678809376614
16,5,12.8889500626521
16,6,-76.56079701976685
16,7,-0.6555834443313451
16,8,6.010835754683455
16,9,-70.63297054698337
16,10,10.773651257309172
16,11,9.183656745866188
16,12,-273.5074792256919
16,13,-96.13630720263075
16,14,-306.55958664784174
16,15,-219.90458403952454
16,16,-163.94050842607277
16,17,-33.544359305096776
16,18,5.788373298981181
16,19,-465.4011318219663
16,20,-462.6059537240844
16,21,-34.57454944231855
16,22,6.184720352692857
16,23,8.884544260731676
16,24,18.266086575853457
16,25,5.388878427293005
16,26,-299.5366440557844
16,27,13.381922960758551
16,28,5.956197418350509
16,29,-96.04222168752561
16,30,-26.829605074983313
16,31,14.259925022698347
16,32,12.543556025701431
16,33,-174.25150591903383
16,34,14.758314950024104
16,35,-37.5963649638132
16,36,-58.28480336045884
16,37,-43.89845974269325
16,38,10.085329343935818
16,39,-204.39785211551924
16,40,-31.24796888623586
16,41,12.610410370882885
16,42,-653.2246164792596
16,43,17.428751260906942
16,44,-79.79541457552007
16,45,-33.5735993928691
16,46,-219.07457882795399
16,47,-1370.1553630123153
16,48,16.534525743423337
16,49,1.2752904325279708
17,0,13.669571529382448
17,1,-38.24589838731657
17,2,13.130769491398578
17,3,-27.315657722520598
17,4,15.654379117890626
17,5,-76.635320674788
17,6,-58.82885960182006
17,7,15.896672671057097
17,8,5.418875494292234
17,9,-21.45912085595156
17,10,-339.75242753774296
17,11,-139.43602341820718
17,12,15.014830654192572
17,13,-124.2947178855109
17,14,-573.343432273739
17,15,9.607199771727654
17,16,7.261217711446861
17,17,-65.95734417530004
17,18,4.80804197465773
17,19,-67.0113002536716
17,20,-221.9682256817772
17,21,-71.85627226159063
17,22,-26.886330539765062
17,23,16.363621389593607
17,24,8.094183329396447
17,25,-16.340161877067935
17,26,-76.46226911244513
17,27,-102.24295443442539
17,28,-68.61524374755531
17,29,12.32393496922175
17,30,-93.4858950727949
17,31,-171.81452053023662
17,32,13.848916444906259
17,33,-29.09657956002188
17,34,-215.04858244208384
17,35,-81.76056378867882
17,36,-90.88401744888294
17,37,-16.308905240102355
17,38,-115.81069478577128
17,39,12.048962045343124
17,40,6.5755814695412695
17,41,13.578477663742817
17,42,3.569713250166192
17,43,-67.51815080603002
17,44,-38.930182906808795
17,45,-170.84592518817993
17,46,-31.27257841129918
17,47,6.103640706808854
17,48,-35.28960295535388
17,49,-4.717192644086019
18,0,-69.39830217177894
18,1,20.219163921006764
18,2,-162.72325561131106
18,3,-488.5102652017168
18,4,-72.59228269448339
18,5,7.570348624454773
18,6,-154.8780788213498
18,7,4.769001158509678
18,8,19.973606586107366
18,9,-28.276938382861154
18,10,-265.05672593324454
18,11,3.812805834572707
18,12,6.133484440259746
18,13,8.335961370819163
18,14,21.054628444285733
18,15,-518.6942532115828
18,16,-284.95166356791793
18,17,7.0698483856420395
18,18,-288.0791195711462
18,19,-24.275809207340096
18,20,1.691775643072969
18,21,18.445144011406423
18,22,-42.47633357535966
18,23,-26.396467084282683
18,24,-70.91771755985904
18,25,0.7469521773686516
18,26,-94.16498072467274
18,27,-175.63258379872673
18,28,-27.6240394508283
18,29,17.052591226025328
18,30,-138.85849084464462
18,31,-34.69545163897934
18,32,-376.2614468917947
18,33,-24.958847029158697
18,34,-64.54984571685986
18,35,-20.54116140673478
18,36,-0.18157678253591314
18,37,-23.45085102792926
18,38,11.720288693019445
18,39,-53.99302247592759
18,40,-670.4132934607826
18,41,15.684919902188732
18,42,20.408489928220085
18,43,-192.91402848488377
18,44,16.539511997262736
18,45,-86.59216496746201
18,46,-56.388946830269205
18,47,0.08146164774231934
18,48,-435.9859970195978
18,49,-93.60215705743573
19,0,-958.0539408936717
19,1,-112.52431075836584
19,2,5.918258053839185
19,3,4.279835987964638
19,4,-331.2186133845854
19,5,-233.405794437648
19,6,-108.52037000677994
19,7,-23.316236326423954
19,8,-417.610574865061
19,9,18.09242000826719
19,10,19.167208792320118
19,11,17.536162588543935
19,12,-136.43837608414924
19,13,-22.116768550632997
19,14,-17.434959525213188
19,15,-68.19179735364364
19,16,-259.54481022562015
19,17,9.338970170175163
19,18,-20.990024684981805
19,19,7.616361898837365
19,20,14.999481170574693
19,21,-20.941315990510915
19,22,17.987144280635878
19,23,-86.13431623964362
19,24,15.828677177501323
19,25,9.895571822425346
19,26,-155.40016298054786
19,27,-279.8155828744143
19,28,-84.44156542185515
19,29,7.938843470556151
19,30,-35.22864923068674
19,31,-174.85945156137166
19,32,-220.9459775897131
19,33,-441.2221436856894
19,34,1.8086540275532634
19,35,-162.3431276662227
19,36,-30.871641278276243
19,37,4.95646774050773
19,38,-94.54323030125263
19,39,-19.985622358686733
19,40,8.62834872230928
19,41,5.238222953466135
19,42,-72.54917284149266
19,43,-19.056812935355495
19,44,9.135104368529209
19,45,-13.143159161934072
19,46,-18.854980137982295
19,47,-23.622636426615713
19,48,18.262575669335583
19,49,-29.08043323185244
20,0,0.8213692163990451
20,1,0.1025130295522203
20,2,5.215221747190654
20,3,-165.47729608809436
20,4,6.927148215555608
20,5,-17.052703909510264
20,6,-9.492530555764738
20,7,-171.50024855324193
20,8,-40.119192080731935
20,9,-25.102872317874052
20,10,-277.46731629173235
20,11,14.720952464261016
20,12,-21.192199207865244
20,13,-359.21529397422313
20,14,21.53882835879117
20,15,-211.95490580987524
20,16,-70.2880213400485
20,17,-21.79936442239532
20,18,13.851854660333412
20,19,-373.99164073945815
20,20,-235.8654863082176
20,21,12.134602077844775
20,22,7.3062755399394135
20,23,9.463515977575334
20,24,14.05930843011826
20,25,-54.25385878025209
20,26,-486.6641942606555
20,27,-187.80557539022226
20,28,-196.26892456930875
20,29,-429.56995711007113
20,30,15.732968424097304
20,31,-463.79968724882633
20,32,-41.37449380801034
20,33,-114.17709296776668
20,34,-90.35318667426924
20,35,-237.82447462627442
20,36,-69.76465844669002
20,37,17.036600333766486
20,38,-76.1024843288616
20,39,13.949382474893206
20,40,12.368218381981475
20,41,-249.2686362331482
20,42,-135.71086075159548
20,43,-0.16924958227430054
20,44,-134.71017054157352
20,45,5.3336708310583205
20,46,-836.221676800452
20,47,-1234.6527959618786
20,48,11.504438681490448
20,49,-17.3215606394307
21,0,9.825217644073817
21,1,-19.0843340771726
21,2,-378.31667591057465
21,3,-32.96324365622585
21,4,-112.75434610182982
21,5,-82.0100616716248
21,6,-24.757785863028126
21,7,12.82516628870733
21,8,-15.837094106387617
21,9,-23.624748018650216
21,10,-429.10082386291697
21,11,-89.61036671451424
21,12,-888.1284715085317
21,13,-26.91317130529479
21,14,0.3369987042750857
21,15,-81.23451543741787
21,16,21.445224556489492
21,17,-89.50949513348355
21,18,-20.097705872934434
21,19,11.220007407385829
21,20,-30.137109973995926
21,21,-131.64935007084085
21,22,10.03700863465306
21,23,-6.652566274863304
21,24,14.935963546698755
21,25,-888.1398985830531
21,26,-15.238859909176362
21,27,0.018570535797394427
21,28,-129.39645295502203
21,29,12.807935201361204
21,30,-59.15331739492949
21,31,-3.789465041949594
21,32,-54.63265647894478
21,33,-26.921405409853563
21,34,-37.91025428646019
21,35,5.97841067530727
21,36,-662.1903684631112
21,37,-58.09265906971673
21,38,-180.17642213310387
21,39,-534.5872990824657
21,40,17.513000491793107
21,41,9.312347292400627
21,42,-94.76784110093972
21,43,-1702.1359842060692
21,44,12.663581580355324
21,45,15.28823476866803
21,46,19.541484074702275
21,47,-346.0526640177179
21,48,-37.677358869173815
21,49,9.412330742920531
22,0,1.301737289905418
22,1,-169.8182748913312
22,2,-26.563028829236373
22,3,3.6190697967066363
22,4,10.012445396760544
22,5,2.1633056246949565
22,6,-10.472719282789093
22,7,13.729218574949424
22,8,-166.40615458915977
22,9,-125.29790974238692
22,10,12.906778560126067
22,11,18.75960698811396
22,12,11.781513431033208
22,13,-279.3803392683178
22,14,-285.5491793695116
22,15,-78.61974553853594
22,16,-131.3966588562725
22,17,13.55447808976021
22,18,-55.260766689769
22,19,10.694430990860809
22,20,-64.02147903210856
22,21,11.260093091640169
22,22,9.2886643961631
22,23,-6.643410037388094
22,24,-325.39640305962723
22,25,12.186320098558916
22,26,4.670606808835249
22,27,-191.47429278492797
22,28,10.77245281645786
22,29,-65.95635034598067
22,30,-28.094514736217
22,31,5.512378466302433
22,32,7.4367021418904
22,33,-206.2581834324194
22,34,11.936485773526716
22,35,-64.25787931130556
22,36,8.062619495417117
22,37,-37.3190145293612
22,38,-103.15910771044777
22,39,-66.12014195302554
22,40,-40.31540521655998
22,41,-107.06538284650476
22,42,-0.3231964359675743
22,43,-416.5850963168459
22,44,7.268253941295232
22,45,-357.0520154397505
22,46,-28.61274768860968
22,47,-16.952772935079317
22,48,-124.89951742317827
22,49,16.389168394744203
23,0,-26.879727293161494
23,1,-10.64149534518912
23,2,0.48365442844828976
23,3,-687.316695231547
23,4,-110.665921528075
23,5,-278.1586837214975
23,6,19.324319525832657
23,7,-107.89915900992894
23,8,-95.88368188462172
23,9,-163.42072596929552
23,10,15.41549663866597
23,11,-258.93749244317695
23,12,4.52055586550636
23,13,-12.154421667369228
23,14,-403.6218195766866
23,15,-73.1023018570556
23,16,-457.083953793209
23,17,-37.72874655543943
23,18,-146.04442179719553
23,19,-70.84160281976091
23,20,-31.650623281469365
23,21,-87.85929520025846
23,22,-33.288947915111706
23,23,-210.68383444267045
23,24,-27.57521282963406
23,25,-71.09207879258766
23,26,5.179888961887428
23,27,18.544287553403073
23,28,-29.305072776804856
23,29,9.885003680334233
23,30,-110.08162076641422
23,31,11.790448555841923
23,32,-46.0013859374824
23,33,-163.1360888498665
23,34,2.177862228981976
23,35,1.941168133707393
23,36,-10.014485418486458
23,37,-32.891448504984744
23,38,16.333606199384235
23,39,18.49422639229511
23,40,-79.77554743701879
23,41,-130.11510324826986
23,42,-186.47063846022428
23,43,-77.78291032680184
23,44,-1225.77461935205
23,45,-385.6596309572312
23,46,3.597084802973928
23,47,-88.42267742779644
23,48,-185.61373954179606
23,49,-985.8295684742491
24,0,-823.1412202629706
24,1,3.8697775582113465
24,2,-78.96539757141608
24,3,-79.6806229182677
24,4,13.53239799059589
24,5,-281.50121819472105
24,6,-99.61476171424952
24,7,19.979393386671568
24,8,-166.77687456691234
24,9,15.335386660211796
24,10,-136.41759563124384
24,11,-142.72943066487227
24,12,-72.66528472177957
24,13,21.747154588876338
24,14,-148.75943406834898
24,15,14.455738847160244
24,16,-29.693202714275472
24,17,-328.24767194621893
24,18,-231.70588635188403
24,19,-27.735821017239275
24,20,15.168135660058596
24,21,6.76007859846829
24,22,-270.1924790595336
24,23,-445.01507461686043
24,24,-24.75194074793732
24,25,-69.83001120537713
24,26,13.062058874085576
24,27,-539.4697768957296
24,28,-95.34826749373983
24,29,6.186133982316161
24,30,-65.8346584471419
24,31,-454.95307280546115
24,32,-228.23117707777914
24,33,-124.14795816222498
24,34,-220.96761841733223
24,35,-9.420531837943514
24,36,-713.3305065965836
24,37,-262.65450843399213
24,38,-114.15993113193575
24,39,-54.62374647098595
24,40,-427.6408342303714
24,41,-26.435406173396238
24,42,-74.6122150132121
24,43,-473.34685799175656
24,44,10.487402697035083
24,45,21.519486814857782
24,46,-76.62589689935356
24,47,-4.765873468869678
24,48,-47.58858774758312
24,49,9.402538942840373
25,0,-56.80399547666849
25,1,-262.8732673398035
25,2,-301.0831492450135
25,3,18.66531699028088
25,4,-1.406365058194659
25,5,-20.500109644833024
25,6,-140.3839952495565
25,7,-27.87640346556349
25,8,-54.898938905777314
25,9,9.28429796602856
25,10,12.490472043356291
25,11,-4.503784134685439
25,12,2.029871074325527
25,13,-116.01557819747372
25,14,-56.35331406855745
25,15,-248.6482609985951
25,16,-703.7765548022885
25,17,-13.17283227695058
25,18,7.671421448752479
25,19,-12.674250441753408
25,20,-706.7987780393349
25,21,7.742347036616849
25,22,-160.46309812038652
25,23,10.075831833621766
25,24,-449.70772770229615
25,25,-87.24968421957726
25,26,-154.29616603911296
25,27,-59.70484998149182
25,28,-307.61260739740334
25,29,-15.923140411201551
25,30,-18.864875900233763
25,31,-41.9362145308415
25,32,11.068357621311424
25,33,-15.903269262700967
25,34,3.5840867595075707
25,35,-84.37344469423797
25,36,3.087330514107375
25,37,14.889971363166769
25,38,-33.340761264707666
25,39,-19.35437320572597
25,40,21.125414957698286
25,41,10.281734211313548
25,42,-953.5531774814004
25,43,-174.90797812018587
25,44,-24.40972770372037
25,45,5.101773820130571
25,46,9.569147877148911
25,47,-22.192286170779106
25,48,11.591077067618123
25,49,-42.742559589070666
26,0,-14.51820609844249
26,1,-92.30312778451403
26,2,-186.45876603205733
26,3,-2247.503658652623
26,4,-24.247608972859048
26,5,-223.02960001406996
26,6,-87.62587127148407
26,7,-128.2804540954317
26,8,-5.962843081780861
26,9,-23.794120505474176
26,10,-205.37440847309125
26,11,-473.82102631148945
26,12,-902.7740513504422
26,13,-176.39156488527135
26,14,-94.0960447112348
26,15,-74.19194224528641
26,16,-383.4120183553752
26,17,-25.461053048137423
26,18,-151.44743906407604
26,19,-32.620727150745424
26,20,-326.63907437910547
26,21,-282.6334895002801
26,22,-404.14887415652623
26,23,-189.05047648520377
26,24,11.000310293434602
26,25,10.142438405091724
26,26,-282.98747893012103
26,27,-148.25609037844492
26,28,-152.70683716528396
26,29,4.710733212801383
26,30,-575.351264335277
26,31,-59.86465313212764
26,32,-35.2144957206867
26,33,-4.716501773620919
26,34,-60.195835345895205
26,35,10.429822814656298
26,36,-17.69148978085186
26,37,-692.0527381548537
26,38,-69.17584677606592
26,39,-25.536772310348532
26,40,-212.78632135492592
26,41,11.28964893910372
26,42,-199.23562896022412
26,43,16.864565011386556
26,44,-134.37268465383966
26,45,-308.343235876846
26,46,4.585688202489322
26,47,10.549284310500479
26,48,-33.473292090094816
26,49,-628.6663979949209
27,0,-154.7494417932
27,1,-17.184542138038246
27,2,-20.395505197088085
27,3,-16.298051442431884
27,4,-26.976818712561972
27,5,-53.83479927392892
27,6,-291.29002737731037
27,7,-75.20862670546589
27,8,-132.89892154259041
27,9,14.206493700350979
27,10,-134.4396344006679
27,11,-105.13815261866758
27,12,-24.664816786563314
27,13,-0.07032187144825386
27,14,-133.4269962015241
27,15,-258.1375209111949
27,16,-8.251370683097868
27,17,-16.4536689772698
27,18,-18.54962897926937
27,19,-60.66368449092687
27,20,5.937853000639432
27,21,-17.64595797757753
27,22,-1235.5023349970481
27,23,-427.98718987338634
27,24,-15.099632838709589
27,25,-20.619574903899377
27,26,16.473437507198486
27,27,-470.9136687292572
27,28,-10.617150399241822
27,29,-24.426172223791013
27,30,-47.20602348083993
27,31,20.13458427204109
27,32,-23.735034375137175
27,33,15.117301913977155
27,34,11.280237659301942
27,35,1.6699413194240265
27,36,-24.061003648351445
27,37,-118.42773286576617
27,38,-97.85903156267788
27,39,-208.99309679745824
27,40,-18.63283662786897
27,41,8.817838383650582
27,42,21.421045692775692
27,43,-68.50567117803
27,44,-53.308173112227266
27,45,1.8935583310916684
27,46,-839.4945273615023
27,47,-79.61346634337379
27,48,-17.415914632921634
27,49,-637.5297272455668
28,0,-1236.0808854166519
28,1,12.328059684308268
28,2,22.29996541774206
28,3,-21.804984684310135
28,4,-157.052737197491
28,5,-67.61933516561427
28,6,7.531196375356334
28,7,14.627669934038742
28,8,-188.10650285552487
28,9,2.5802405732893483
28,10,18.57465954642106
28,11,-108.93826274235728
28,12,-34.71096741925304
28,13,6.608787036408042
28,14,-30.01506237536718
28,15,-236.48100925692654
28,16,-148.7560992878977
28,17,8.290817141087992
28,18,-66.5949560670748
28,19,-9.171761515690285
28,20,-18.618954433087836
28,21,-29.820947002804033
28,22,-158.36611030024721
28,23,-591.2383544131321
28,24,3.9322247960713277
28,25,-871.9805110031963
28,26,0.5688206590539693
28,27,12.064576008718525
28,28,-140.50893487008778
28,29,11.218544469739903
28,30,9.144060744718338
28,31,-168.37348162628967
28,32,-78.8036211405308
28,33,3.199162066811155
28,34,-511.6375089283694
28,35,5.308073511001584
28,36,4.786777738481071
28,37,-512.6298555071069
28,38,-14.706807804009124
28,39,2.3490511625920902
28,40,-0.9758861387417177
28,41,16.843260345798083
28,42,10.73939535963257
28,43,-29.24259979129937
28,44,-70.6200701059691
28,45,-829.4194392346909
28,46,-410.14900935086496
28,47,-9.610520825657524
28,48,-113.183220721056
28,49,14.506878573812322
29,0,-84.33385917454314
29,1,-1036.9391944295153
29,2,-12.824089073190443
29,3,-2.0427271895676533
29,4,13.883309184531274
29,5,-21.468312231673345
29,6,-342.0393767471892
29,7,-8.377809776580762
29,8,11.014686999848745
29,9,-14.871757119470558
29,10,-17.874494037696195
29,11,-30.53602495900366
29,12,-70.6899106114867
29,13,13.992174247882126
29,14,-18.17969645924753
29,15,-16.985226540850242
29,16,-80.87586086990608
29,17,-68.18374274100731
29,18,8.667368497113294
29,19,-60.18090060044686
29,20,6.3449884763733095
29,21,-257.6453357903179
29,22,11.89127531341417
29,23,-27.743132350592447
29,24,-161.49219484523667
29,25,-14.224357071472163
29,26,-23.809553263917472
29,27,-113.8465869547275
29,28,-630.0344942031003
29,29,16.40812888753835
29,30,6.74707232096107
29,31,-317.91493644035705
29,32,5.8617892751154415
29,33,-59.24487959546029
29,34,-27.393711813020836
29,35,8.255498127278411
29,36,-91.4463606391866
29,37,-7.092528635960406
29,38,-20.961803719453343
29,39,-23.402750691272644
29,40,-146.884819216386
29,41,9.735308416134892
29,42,-111.52607147076024
29,43,-115.93492703226254
29,44,2.197621201323429
29,45,-305.68400803253195
29,46,-112.96924194224972
29,47,-93.30923964198674
29,48,-368.7296136641454
29,49,7.490992174197434
30,0,12.744545895737321
30,1,-74.69536304310869
30,2,-681.8918520863356
30,3,-260.04175372838336
30,4,-287.0996433289023
30,5,13.501114931801048
30,6,-37.39528481559451
30,7,-86.27183778125256
30,8,-30.22506362181202
30,9,-19.160971963503968
30,10,11.227145404072413
30,11,17.085174085059233
30,12,-39.11949133696065
30,13,-113.74235925410635
30,14,8.367420174071004
30,15,-87.30839960295737
30,16,-87.71680200179217
30,17,-32.214366455491884
30,18,-69.7070523539395
30,19,-107.19733300511065
30,20,11.259130693367059
30,21,-664.3853319659939
30,22,-166.98629474968834
30,23,17.8828316773131
30,24,-43.713756215048534
30,25,-20.700136229434584
30,26,-254.6126291979785
30,27,-2.0509061657090157
30,28,-44.36762031824533
30,29,-249.3484924395758
30,30,-119.76797687346077
30,31,-106.3779416545487
30,32,-26.362372742834083
30,33,18.371184931539567
30,34,-230.10145565583662
30,35,-120.32835423823819
30,36,-29.468683982657353
30,37,-29.01419693361119
30,38,-129.5876506359457
30,39,-58.34438810705139
30,40,-19.2164758263894
30,41,6.408054631150389
30,42,10.967667114638527
30,43,-759.7184064023733
30,44,5.262444588083632
30,45,-20.100601156169276
30,46,12.721879035499466
30,47,-225.4508449570892
30,48,-97.71794801000941
30,49,14.300873686272276
31,0,-92.66775154994396
31,1,-1101.0992165619548
31,2,13.921152346391523
31,3,-20.088928105156803
31,4,-381.15125327119154
31,5,21.212078349805832
31,6,-259.7244429541459
31,7,-190.59299222639743
31,8,-379.0793192799002
31,9,-315.9793909646379
31,10,-24.542411540832653
31,11,-209.91175840594525
31,12,-80.2110338262467
31,13,-80.8463662960503
31,14,-639.9678781134907
31,15,-149.29443690072378
31,16,-33.29575519872713
31,17,4.86824438401376
31,18,-17.525782101028746
31,19,-488.47945606371394
31,20,-269.8788035205854
31,21,20.16728788295535
31,22,-21.875574943915375
31,23,-8.568105971322787
31,24,-509.91413941781235
31,25,8.689664731221043
31,26,-162.30146016731197
31,27,20.75061755113294
31,28,7.586365765014737
31,29,6.901924853463619
31,30,-897.7835355361349
31,31,-838.6287105832163
31,32,2.851228553476556
31,33,-106.83895061112663
31,34,8.926445022198642
31,35,-535.6745233464775
31,36,-22.024187903605856
31,37,16.17535342938939
31,38,-284.81537931594715
31,39,-75.81317156849721
31,40,-101.37180923737664
31,41,-75.32440744831999
31,42,-30.921357549646793
31,43,-136.11598556308104
31,44,-36.342250693930254
31,45,-43.00634854196615
31,46,-363.48276732738805
31,47,4.73172459446976
31,48,-171.83744227809177
31,49,-168.57601585150246
32,0,-1.8461628473976752
32,1,16.523812845917174
32,2,14.359019575740255
32,3,9.375633326771933
32,4,-729.7161457240795
32,5,-74.41397911623156
32,6,-16.794813110041396
32,7,-170.26001205852845
32,8,-58.37628039829542
32,9,11.978209612367522
32,10,18.742813111522352
32,11,-189.37739619722316
32,12,-26.922740691848013
32,13,-137.13186642362484
32,14,20.577642679552966
32,15,-744.5671137747091
32,16,4.143929010578692
32,17,0.875391740945588
32,18,7.452235712292719
32,19,-1.7232744753636169
32,20,-28.529344490772175
32,21,6.031560922229623
32,22,-547.9147452236169
32,23,3.6206370331749618
32,24,17.318770059848873
32,25,-939.2902578333362
32,26,7.168975395115567
32,27,-876.4988694452131
32,28,-53.46019870199575
32,29,-67.27572538252596
32,30,-158.6502261128946
32,31,-267.49061729444236
32,32,7.486170966377248
32,33,-209.67175953201405
32,34,-32.90558093851641
32,35,-755.2723850100735
32,36,-72.43158291815035
32,37,-56.26054716790965
32,38,10.568392772186574
32,39,8.812851899750854
32,40,-760.8920887480512
32,41,-87.93832481548873
32,42,-35.33043908466536
32,43,-249.6407462305075
32,44,5.484572558825683
32,45,-373.55589649590695
32,46,-68.46397856094596
32,47,-124.95590894102823
32,48,-41.264623328457944
32,49,-120.52888117654864
33,0,17.23959901947535
33,1,6.466223510670641
33,2,-355.9677363542982
33,3,-51.769430712033795
33,4,12.533704069996713
33,5,-193.24649148454472
33,6,15.953139784320737
33,7,-104.3527601351504
33,8,-9.407395994312388
33,9,-63.871124008954354
33,10,-103.21537768656448
33,11,-72.52351511333826
33,12,-16.23662575308454
33,13,-83.25918217758762
33,14,0.9984458765634301
33,15,9.463248740766996
33,16,-166.03024573762798
33,17,-35.82416799135091
33,18,-43.200918969275406
33,19,4.6429995475748775
33,20,-1.199130169219817
33,21,-272.0785166337828
33,22,10.111282712207473
33,23,-619.2111848704272
33,24,12.159045117433529
33,25,10.42920956303102
33,26,-6.846663293897535
33,27,8.467986644764594
33,28,13.114037410637891
33,29,-106.79104589655326
33,30,-0.9052154391619425
33,31,8.830789210339308
33,32,-20.27107632195238
33,33,21.677836963397404
33,34,-173.18258083412815
33,35,10.860708141526391
33,36,-660.9672595849481
33,37,-2.106277005626623
33,38,-193.29089544373295
33,39,-68.00717211523724
33,40,-324.95029976496704
33,41,-856.9889791236757
33,42,-332.83128638577296
33,43,-263.0336407271375
33,44,4.256778454665149
33,45,-68.14739329630113
33,46,-273.09810128306657
33,47,-74.9969239596811
33,48,5.564005147917879
33,49,-247.95744976771846
34,0,-153.2612793558003
34,1,11.289307135355422
34,2,-226.24903439448786
34,3,-114.43400699802733
34,4,-46.53645792452404
34,5,-106.93352216466393
34,6,-38.95651238872409
34,7,-169.61118669114234
34,8,-92.16049127076118
34,9,-100.36847769600267
34,10,12.781476238676895
34,11,-18.2502416453026
34,12,-90.73000380718209
34,13,8.843214278376482
34,14,-406.84473726999573
34,15,-145.00183598498433
34,16,-272.1047782711984
34,17,-25.0763501715927
34,18,-48.66354595548525
34,19,-27.30260166832828
34,20,-32.1042062466301
34,21,-247.07075866617328
34,22,-794.2894639704722
34,23,-0.772345603733374
34,24,-336.27781733367055
34,25,-3.881458540198796
34,26,8.940926464261477
34,27,-13.849609326108293
34,28,13.811594202896003
34,29,-153.4406134953877
34,30,8.902976334535445
34,31,10.28526093540533
34,32,14.809114522195102
34,33,-227.985688542844
34,34,-71.2199054780811
34,35,-194.10579777174223
34,36,8.455799287238221
34,37,-520.3505943493633
34,38,-96.61483214054334
34,39,-30.797419144897646
34,40,12.481443385670374
34,41,12.269742525565352
34,42,-251.7150447753424
34,43,-6.551645468457139
34,44,-23.95619553850174
34,45,-71.30244852359041
34,46,-47.480310101457576
34,47,-33.99846154400572
34,48,-132.10527149034277
34,49,-336.55484717940607
35,0,-620.2940068681268
35,1,-38.71532329317705
35,2,7.628113008054125
35,3,-27.133600210331764
35,4,11.893724363069158
35,5,1.0258380602966213
35,6,-274.6121493000951
35,7,4.975016385295582
35,8,-104.6334198602569
35,9,-32.28288116363977
35,10,6.807843291880435
35,11,20.586715269147533
35,12,-439.9945108309424
35,13,11.511151408745008
35,14,-57.2255853111558
35,15,18.785707135415464
35,16,14.339136622252447
35,17,-554.0581809404164
35,18,13.055517214306661
35,19,10.780402224946283
35,20,4.7841602606600055
35,21,-21.63781689019755
35,22,3.504968252596562
35,23,-98.75008701305553
35,24,11.958877501255344
35,25,-83.25390439463226
35,26,-63.625518598429124
35,27,10.49877113041261
35,28,-52.360984220180995
35,29,9.889048929491114
35,30,0.8584314862567659
35,31,21.421011632332316
35,32,-160.8200112067256
35,33,0.12765962949129417
35,34,-14.308841603699072
35,35,-76.79721490336551
35,36,11.704636783591273
35,37,-104.70431812431265
35,38,13.249339822018968
35,39,5.1320999417699475
35,40,16.93550344299768
35,41,-228.7721829071873
35,42,-60.43421854430569
35,43,-17.76361090954498
35,44,12.283483659400922
35,45,12.075864672722169
35,46,-41.3130112452272
35,47,-58.80529031308441
35,48,-49.83006490074571
35,49,8.595379237284192
36,0,14.853519375588547
36,1,10.601331727872651
36,2,-2.0157284059331673
36,3,-34.42088119892102
36,4,-22.229441343374376
36,5,-233.17044185014146
36,6,-28.3207586737717
36,7,-150.7239169985753
36,8,10.278887699623976
36,9,-597.487302958221
36,10,-19.043665984545413
36,11,-40.64220069689097
36,12,9.573224973955181
36,13,16.63892782530512
36,14,1.5474667682870127
36,15,-16.792204841855714
36,16,13.573606050528312
36,17,-547.988153012577
36,18,-364.94376276975294
36,19,-851.2536308804611
36,20,14.968995317801618
36,21,7.362994354753553
36,22,-258.77468352691477
36,23,-431.19809089302714
36,24,-53.586653286594554
36,25,17.02493820829626
36,26,-30.19213713612507
36,27,-56.411634796555106
36,28,7.774610993175372
36,29,-90.75995663152314
36,30,-161.9197168045996
36,31,-122.55822798464614
36,32,-18.154588817058155
36,33,-65.15654241322986
36,34,14.99066688840395
36,35,-448.83872698069416
36,36,17.174608748986778
36,37,-303.7433417386855
36,38,-31.74461202614919
36,39,-649.0655287569584
36,40,-419.636710072286
36,41,10.309868195663235
36,42,-116.6093131549962
36,43,-94.26989842579185
36,44,15.48458628280219
36,45,-178.5012566633257
36,46,-19.055910866251224
36,47,-276.7399727960436
36,48,-135.46095148853777
36,49,-239.8752117322182
37,0,-214.81000232992983
37,1,-300.3320497223578
37,2,-205.56680819138268
37,3,21.077917579620554
37,4,-58.55024379826945
37,5,8.60233534128443
37,6,-14.856285702324541
37,7,-5.95552338213129
37,8,-137.13407542354946
37,9,15.10171342270483
37,10,12.865460498725668
37,11,-62.670266157661175
37,12,-131.92813663652532
37,13,-69.03381902412009
37,14,21.801153322130048
37,15,5.950515336363704
37,16,-440.63177293866295
37,17,-55.700598997012364
37,18,-34.371863122795
37,19,-71.82019219768388
37,20,6.798873926747362
37,21,-327.32213098157916
37,22,-57.13243052205132
37,23,-29.471999942674508
37,24,10.123956913777867
37,25,8.611971026571982
37,26,4.653264263808698
37,27,-7.295678907903657
37,28,20.409057019941223
37,29,-999.7792884639205
37,30,5.405359842256971
37,31,-56.53795387270483
37,32,11.98521849245817
37,33,-67.0914494185492
37,34,-103.24020792575494
37,35,-640.0700879683563
37,36,-29.41812000931587
37,37,20.92781307326238
37,38,-1062.166020563404
37,39,10.987455708439022
37,40,-4.198690630534266
37,41,-90.49036186864541
37,42,13.970581073957248
37,43,-6.284299937996238
37,44,-16.057578588568504
37,45,11.439833164763296
37,46,10.860770759793205
37,47,10.945562109992999
37,48,-53.58981259602726
37,49,-50.66198745409257
38,0,-178.61019033439118
38,1,-93.02206584769293
38,2,10.791529671564984
38,3,-80.02722809803441
38,4,-37.43083786027711
38,5,12.852948420446921
38,6,-72.48510786917387
38,7,-56.40054869232641
38,8,-11.353900143637944
38,9,11.264861093810442
38,10,10.493260782502905
38,11,-80.52522237712633
38,12,18.40560387041594
38,13,-31.267157388198626
38,14,-13.537042019722719
38,15,9.397144257150089
38,16,10.11567525811072
38,17,-81.58241681428582
38,18,-103.98258655689476
38,19,-18.58580243732993
38,20,10.132214462532179
38,21,-123.98645621629721
38,22,9.251887575863535
38,23,4.573080398499144
38,24,-199.1608900564537
38,25,11.477092065323767
38,26,-112.14466286823652
38,27,18.582864278188378
38,28,-24.34180577257574
38,29,21.42391964280034
38,30,-140.15457262575785
38,31,-449.0006520276291
38,32,-232.0562792195695
38,33,-83.70726088968088
38,34,15.43372767521647
38,35,-77.72914005339803
38,36,-65.18378092093076
38,37,-150.59278327898033
38,38,-224.61921604905461
38,39,-24.652606461104597
38,40,-21.639211355366385
38,41,13.699359029860293
38,42,-203.91796596235764
38,43,-62.138753401857755
38,44,-171.37322237112016
38,45,-86.04473071821
38,46,-142.84222307254794
38,47,-101.32921805992756
38,48,-14.154472409558544
38,49,-30.74715851748074
39,0,-456.1926905600276
39,1,-21.020778271348355
39,2,-26.88547093028437
39,3,-498.10614780705504
39,4,-89.49996987410435
39,5,-124.8725640229989
39,6,-31.708606840325103
39,7,-12.11699240487249
39,8,-105.08054445888119
39,9,-25.07096097951355
39,10,12.218152895175777
39,11,18.490308996437133
39,12,-342.6319194440863
39,13,-57.990473218663155
39,14,-316.3826328909949
39,15,-83.1466333509362
39,16,21.005126432736287
39,17,15.476636562350336
39,18,-30.072496452203822
39,19,-247.45461396483546
39,20,-95.95147670574313
39,21,-8.225286867249679
39,22,-20.454114254736183
39,23,-324.91760058140505
39,24,-29.59032052851456
39,25,-662.5947653249881
39,26,21.71190787921636
39,27,-26.816810852110756
39,28,21.633162555633096
39,29,-54.47092322605057
39,30,-57.54535428729767
39,31,-364.1599995889965
39,32,-18.803447290393365
39,33,-23.10174453135709
39,34,13.698273418184204
39,35,-76.90117263648958
39,36,13.152743527721181
39,37,-54.524834609470844
39,38,-65.32407145100089
39,39,-191.72036011392987
39,40,-21.763749769301732
39,41,-103.71595539933482
39,42,-121.18203792991063
39,43,-93.14616678115901
39,44,-78.09761026168385
39,45,20.236323899540306
39,46,4.152342943191545
39,47,-305.8619233516313
39,48,13.437387512893409
39,49,12.730851246629488
40,0,-191.64778951403633
40,1,15.575284759137265
40,2,8.531810442262007
40,3,-34.03035520381305
40,4,-36.78027642868521
40,5,-376.737354765849
40,6,-78.16175255699643
40,7,13.1397832327898
40,8,-399.43485810292947
40,9,-58.193551519870184
40,10,-27.80495160890007
40,11,-16.1734207002419
40,12,15.942117044728583
40,13,-364.82901748166597
40,14,-161.1363481119672
40,15,7.8633613176717105
40,16,-17.512527608528515
40,17,-771.6305433295756
40,18,-284.6953860037609
40,19,-89.55929112766613
40,20,5.042531173847788
40,21,-110.31239437834121
40,22,-382.67778896498385
40,23,-891.9641056676184
40,24,-134.52372464069356
40,25,-67.45808679229587
40,26,7.128602646749577
40,27,-349.3535905854639
40,28,-181.702640867907
40,29,-135.04959837382165
40,30,-143.10286345457024
40,31,13.937805040856603
40,32,-326.46569068694794
40,33,-9.739020181647838
40,34,1.9183714627212574
40,35,-62.474921214132195
40,36,-5.160211894304048
40,37,-135.67380683887797
40,38,-261.91729955337337
40,39,12.446190661729656
40,40,19.010104594799373
40,41,-86.61581934600716
40,42,-76.42538630721555
40,43,21.727147145690196
40,44,4.477506111421452
40,45,15.026121074688914
40,46,-387.9847517258888
40,47,-405.31362203844765
40,48,-13.25645337949075
40,49,11.075535603733172
41,0,-1.8028381640596116
41,1,6.847987752933722
41,2,-19.25057273691408
41,3,9.169692223836776
41,4,-16.070311189532497
41,5,-28.377974796524576
41,6,-24.6925128460986
41,7,4.744632014819764
41,8,-485.7239669221381
41,9,-43.33926120035699
41,10,7.089334894718849
41,11,-112.84609707609535
41,12,-127.05904835331516
41,13,-4.505780964837605
41,14,-49.51844713217592
41,15,10.728676957220461
41,16,-22.27302940331368
41,17,-17.77380271140845
41,18,-451.5736610561911
41,19,-773.3996639667636
41,20,-384.1060795096723
41,21,-54.286258107228846
41,22,-123.81251913521344
41,23,-7.910644469836683
41,24,-11.757299812651382
41,25,-139.20735296818793
41,26,17.639263087405308
41,27,-171.49086805552434
41,28,-59.2261080847579
41,29,18.386468719551832
41,30,-64.53801651125517
41,31,1.4901675985448435
41,32,12.623895610317415
41,33,-237.6907840587388
41,34,-154.34705881779382
41,35,6.188086467053232
41,36,-17.097678110370943
41,37,-70.74023845948051
41,38,-62.587773119487935
41,39,-36.54100943329817
41,40,-356.0442585885851
41,41,16.714757242501232
41,42,-477.2970335279514
41,43,20.97453403640243
41,44,-9.089877047912523
41,45,13.23492859661069
41,46,-178.88396292897318
41,47,11.262720273377703
41,48,-25.274260879546404
41,49,-17.26750057903621
42,0,10.093669185457422
42,1,-26.456102443329023
42,2,-259.2672544338408
42,3,5.004147614792199
42,4,-769.1293409976149
42,5,-104.3606524382919
42,6,0.8333327188426125
42,7,7.78735850354996
42,8,-130.11058591845415
42,9,-201.52885004436394
42,10,-21.84357115084822
42,11,-226.64137781032935
42,12,-28.02905318952361
42,13,-511.78570669401387
42,14,-102.43916923290327
42,15,9.787640040012086
42,16,-586.4334121896334
42,17,7.009571987960044
42,18,-73.77612518789068
42,19,-132.3965222148458
42,20,-28.557302807689005
42,21,-151.06385673256733
42,22,14.147066515482333
42,23,-384.68201363710926
42,24,8.151895322345062
42,25,5.590337498557574
42,26,-437.63734661898985
42,27,18.64547309217746
42,28,-24.022467894518492
42,29,6.188393297942383
42,30,2.4800183512204264
42,31,-10.63363997570751
42,32,-20.360259288393557
42,33,20.413478714815824
42,34,-17.0394256761615
42,35,11.507540427872577
42,36,-27.33630116620772
42,37,-418.6622300770575
42,38,-168.78259135349555
42,39,-228.2563222460334
42,40,-271.7916462730284
42,41,14.478224977107594
42,42,-7.890864973798351
42,43,-255.89872370042656
42,44,-480.79852416282495
42,45,-160.82663742517394
42,46,-14.829437255544526
42,47,-166.52610972497462
42,48,-141.2513478411787
42,49,12.674606807768985
43,0,11.00733454188957
43,1,-57.165925031149555
43,2,-226.4309956234339
43,3,16.276190133545356
43,4,-57.4180968456383
43,5,4.412340081357186
43,6,9.091573286516745
43,7,19.922739197251584
43,8,-89.0489830113941
43,9,3.824104689961949
43,10,-211.2424027625383
43,11,15.809704593247798
43,12,10.62619663258084
43,13,-71.47822786433444
43,14,7.843193148571238
43,15,-78.73656327775467
43,16,-111.79704370528707
43,17,8.901791779790404
43,18,-13.014751478036374
43,19,-24.60201007669727
43,20,-185.47588157808667
43,21,-5.142539138533664
43,22,13.544587832299175
43,23,-73.73828123093337
43,24,3.491723900941256
43,25,-70.60603569232222
43,26,-117.39924484470417
43,27,7.903393362557633
43,28,-779.4630338401616
43,29,1.3468043634811622
43,30,-120.8184652359585
43,31,11.426465525104529
43,32,11.721139214885483
43,33,11.065753120840572
43,34,11.082648836866852
43,35,18.57082062330361
43,36,10.917661589383854
43,37,14.729871656616574
43,38,5.820782879259276
43,39,-45.11190946934063
43,40,8.430267159693038
43,41,5.383493761145758
43,42,-3.6612851140424603
43,43,-20.55231197536329
43,44,-474.9504088990347
43,45,-45.650202919180074
43,46,-74.31999880112049
43,47,-19.427057907896433
43,48,-728.4143343749336
43,49,11.559263447683474
44,0,-14.00427913429968
44,1,-67.99087598556626
44,2,12.461354030038159
44,3,7.325652320279566
44,4,-240.16791694640136
44,5,-38.16348995260745
44,6,-21.536212243885522
44,7,-265.59905166100395
44,8,-134.6831945432088
44,9,-19.634192596127598
44,10,-87.99470387124857
44,11,-7.966423381453353
44,12,16.37022153083179
44,13,-105.51310488228002
44,14,-46.81862623954916
44,15,-22.01740644884905
44,16,-25.80358075700203
44,17,-571.3382628227315
44,18,-145.98332523015364
44,19,-72.17250598190289
44,20,-126.88108740883057
44,21,3.095629555040464
44,22,-307.21634476242565
44,23,-421.47999491314897
44,24,-18.304188904625548
44,25,19.12801855144831
44,26,-151.77943241064486
44,27,-139.21301953029217
44,28,-140.11989071596247
44,29,-133.75112921483327
44,30,-20.519315367944223
44,31,6.958538315862594
44,32,-60.318454216338736
44,33,-122.62975289365282
44,34,7.474681120874447
44,35,14.414606070701694
44,36,12.962240343147421
44,37,-77.53933164475552
44,38,-182.319553457135
44,39,-2573.7677350911767
44,40,-37.29725856317921
44,41,-114.84899412247158
44,42,-15.74572549131915
44,43,7.328648237583462
44,44,-77.52613071991573
44,45,-44.78371968493573
44,46,8.99138620926757
44,47,-130.6228361418684
44,48,-167.78274622521343
44,49,-43.42875466168647
45,0,10.222742649569575
45,1,-161.5878604131437
45,2,-422.23952044554244
45,3,-1056.0512554982176
45,4,-21.971538427710172
45,5,-123.30949349374232
45,6,-392.8481645894922
45,7,11.55472999548978
45,8,18.8287796885105
45,9,-50.25809156135524
45,10,-994.583943564385
45,11,-20.009853106886844
45,12,-271.06833045008403
45,13,-171.78706877953738
45,14,-3.902015083871749
45,15,8.954437143185718
45,16,-369.4711343279556
45,17,5.868976734702752
45,18,17.251394833656057
45,19,-101.27630418392617
45,20,-55.958651052330765
45,21,15.82618423390651
45,22,-24.23102391553263
45,23,8.95404571975391
45,24,-316.63098934134035
45,25,-331.55081836511533
45,26,-166.10727535295223
45,27,-74.89226955976098
45,28,-465.3268411223632
45,29,-840.7632858903798
45,30,-112.62739685602749
45,31,-367.97763797257255
45,32,-17.19065438153617
45,33,6.063520286603037
45,34,-31.228831485867317
45,35,-33.12608998943899
45,36,-1.1591268725317825
45,37,-204.85063472828728
45,38,14.49502362201218
45,39,6.21751645722755
45,40,-41.789043805311906
45,41,18.524588456496375
45,42,11.092098920271962
45,43,15.265542963909422
45,44,12.895846430125534
45,45,-123.11713565095702
45,46,-463.01576675612824
45,47,-37.962379309908556
45,48,3.201031083022265
45,49,-83.1388973545391
46,0,-216.95024811170606
46,1,-169.74068279405162
46,2,-181.27324291130213
46,3,-46.05820504701818
46,4,-1.4517348848279141
46,5,9.1461694173889
46,6,-0.8121846467646776
46,7,-11.0937516110653
46,8,-376.706717635479
46,9,-32.95639647236492
46,10,-37.6161683408593
46,11,17.053979242649017
46,12,-236.20839833457188
46,13,-334.76121646340397
46,14,-49.20139702843208
46,15,-10.704026890206976
46,16,-746.6826934196492
46,17,15.15879678078145
46,18,-273.24461642000017
46,19,18.583753186256875
46,20,-149.91854772024556
46,21,-6.562664975109449
46,22,1.9145731794859415
46,23,8.718823878170781
46,24,-239.7128983658942
46,25,14.416700837876633
46,26,19.170499012917837
46,27,10.069264363006855
46,28,-997.1442684158933
46,29,-265.75594625684766
46,30,13.372424203577012
46,31,3.198761509734858
46,32,-455.32976213982704
46,33,7.181183615971694
46,34,-800.766695709935
46,35,11.09657255115216
46,36,0.07080621898088424
46,37,-42.52478589945662
46,38,-245.87553008272982
46,39,-76.47947324791507
46,40,0.9096598532730589
46,41,-141.20865076452543
46,42,-217.53719123963424
46,43,-18.48465299707715
46,44,-26.395005292792668
46,45,-82.44706745984558
46,46,11.446607023288326
46,47,10.706795620080104
46,48,-110.65497358005747
46,49,-108.92828929425848
47,0,-172.88209539963697
47,1,-694.1482807096745
47,2,-1.2529836813736104
47,3,-89.50898232824424
47,4,13.64652526158497
47,5,10.199206833821172
47,6,10.200254502717975
47,7,-75.26753208750544
47,8,-1034.2728580802905
47,9,-47.493192791280876
47,10,18.676173314578712
47,11,-881.792912629789
47,12,5.5180857832595365
47,13,-6.435828716831317
47,14,-104.82920398532245
47,15,4.966062164638085
47,16,-451.4096340804304
47,17,8.037429737221348
47,18,10.383397887218813
47,19,2.2164076162471247
47,20,-78.20081601776336
47,21,-22.627637052005326
47,22,13.098599612719592
47,23,8.277042029004352
47,24,4.8485912052292015
47,25,-509.02404115125256
47,26,1.7934743855544042
47,27,-26.456719792641152
47,28,-16.78490950862418
47,29,-14.458980441434647
47,30,-456.0041957196778
47,31,-88.38660359483261
47,32,-158.98827018851887
47,33,-246.2356282611545
47,34,12.767844235450163
47,35,15.092459702597496
47,36,-132.764821584247
47,37,6.7851046464266105
47,38,3.4817731022184653
47,39,3.653876656006524
47,40,-13.35469534681922
47,41,-16.74601779474429
47,42,12.853577779562514
47,43,10.658384626293135
47,44,-56.42151298817353
47,45,-353.8131937609463
47,46,-33.22604824789321
47,47,-238.0065840792542
47,48,5.848258470178219
47,49,-92.09452442563202
48,0,-325.2009977337018
48,1,-103.68951240514748
48,2,-121.34097604002163
48,3,-24.380051337363703
48,4,-601.6394237187509
48,5,-86.10953441413875
48,6,-22.75846339693497
48,7,6.539736967050665
48,8,-1.679796809664012
48,9,16.566715871420378
48,10,-30.871828689457857
48,11,-28.096348010192067
48,12,13.160582192810303
48,13,4.22455655569069
48,14,-262.63930085597735
48,15,4.96737543665434
48,16,20.633203693245232
48,17,-103.26986333415645
48,18,12.046514711101853
48,19,-114.67617445044444
48,20,16.225365506760554
48,21,-68.5445348932863
48,22,3.507829326247169
48,23,-61.75216072814692
48,24,12.292462492327058
48,25,-15.416671267372593
48,26,3.0719400743522307
48,27,-884.694085365831
48,28,-111.45275974297762
48,29,-22.13177604638316
48,30,-286.7128055631526
48,31,-60.9936245939994
48,32,13.361244188003855
48,33,-609.4718398355558
48,34,19.564913053303506
48,35,-419.4644880569345
48,36,12.790983905053618
48,37,-1384.297325647303
48,38,9.393372908376325
48,39,-74.6995573737356
48,40,-8.586107029428206
48,41,-17.14472694113644
48,42,-17.501788872348257
48,43,-28.373638454559078
48,44,19.797708477706934
48,45,-73.01063647713566
48,46,21.163472993834237
48,47,15.318934298336423
48,48,-25.262203110633244
48,49,-68.86440875880388
49,0,-4.326641006255315
49,1,-17.989240419775385
49,2,-65.03664246309762
49,3,14.713359292003517
49,4,11.354304883062312
49,5,-69.99943804830362
49,6,-201.4844478786846
49,7,-165.901924520467
49,8,-26.230612156014367
49,9,13.630034357660566
49,10,-8.050009966995411
49,11,-188.03917579773588
49,12,20.695450423978244
49,13,-686.3005593804452
49,14,-150.28069835975987
49,15,-219.1848528264331
49,16,-2.696355614017694
49,17,20.023214331097904
49,18,-15.866199974811202
49,19,18.817039588231836
49,20,-140.53779248562432
49,21,-1.3432502345134125
49,22,-21.19718037968562
49,23,-294.6948925272645
49,24,12.115408064653312
49,25,15.295066307702076
49,26,-331.486545332978
49,27,-114.47005179066001
49,28,-89.50477788040702
49,29,-81.60750282738438
49,30,11.086726181506084
49,31,13.92191411627206
49,32,-42.00474538707189
49,33,-200.10577100406863
49,34,-394.6759210351787
49,35,-16.202855589193383
49,36,-155.6861910515754
49,37,10.931353548305516
49,38,-22.376240910400732
49,39,12.94523345107903
49,40,-44.588742675569065
49,41,2.9395515230074025
49,42,-112.09555420374632
49,43,-125.42741620421124
49,44,10.036238905678022
49,45,7.790817411519587
49,46,-737.9305643489911
49,47,8.8244586955894
49,48,-318.48514827364835
49,49,-63.025354155109284
